{"id":"24","style_id":"20","template":"jsn_educare_pro","layout_builder_data":"{\"appliedLayout\":\"\",\"settings\":{\"enable_responsive\":1,\"show_desktop_switcher\":1,\"enable_boxed_layout\":0,\"width_boxed_layout\":960,\"margin\":\"\",\"go_to_top\":null,\"icon_go_to_top\":\"fa-long-arrow-up\",\"text_go_to_top\":\"\",\"color_go_to_top\":\"\",\"bg_go_to_top\":\"#193f70\",\"ps_go_to_top\":\"\",\"show_branding_link\":0,\"branding_link_text\":\"\"},\"sections\":[{\"id\":\"section_header\",\"settings\":{\"name\":\"Header\",\"identification_code\":\"item_270918740743\",\"full_width\":null,\"enable_sticky\":0,\"margin\":{\"top\":\"30\",\"bottom\":\"30\",\"left\":\"\",\"right\":\"\"},\"padding\":\"\",\"class\":\"\"},\"rows\":[0],\"label\":\"Header\"},{\"id\":\"section_mainmenu\",\"settings\":{\"name\":\"Mainmenu\",\"identification_code\":\"item_958856776406\",\"full_width\":null,\"enable_sticky\":null,\"margin\":\"\",\"padding\":\"\",\"class\":\"\"},\"rows\":[1],\"label\":\"Mainmenu\"},{\"id\":\"section_promo\",\"settings\":{\"name\":\"Promo\",\"identification_code\":\"item_386021397512\",\"full_width\":1,\"enable_sticky\":0,\"margin\":\"\",\"padding\":\"\",\"class\":\"\"},\"rows\":[2],\"label\":\"Promo\"},{\"id\":\"section_content-top\",\"settings\":{\"name\":\"Content Top\",\"identification_code\":\"item_162932678367\",\"full_width\":1,\"enable_sticky\":0,\"margin\":\"\",\"padding\":\"\",\"class\":\"\"},\"rows\":[3],\"label\":\"Content Top\"},{\"id\":\"section_content-top-below\",\"settings\":{\"name\":\"Content Top Below\",\"identification_code\":\"item_1193551232532\",\"full_width\":1,\"enable_sticky\":0,\"margin\":\"\",\"padding\":\"\",\"class\":\"\"},\"rows\":[4],\"label\":\"Content Top Below\"},{\"id\":\"section_bottom\",\"settings\":{\"name\":\"Bottom\",\"identification_code\":\"item_1212525510732\",\"full_width\":1,\"enable_sticky\":0,\"margin\":\"\",\"padding\":\"\",\"class\":\"\"},\"rows\":[5,7],\"label\":\"Bottom\"},{\"id\":\"section_main-content\",\"settings\":{\"name\":\"Main Content\",\"identification_code\":\"item_907954391467\",\"full_width\":null,\"enable_sticky\":0,\"margin\":\"\",\"padding\":{\"top\":\"55\",\"bottom\":\"55\",\"left\":\"\",\"right\":\"\"},\"class\":\"\"},\"rows\":[6],\"label\":\"Main Content\"}],\"rows\":[{\"id\":\"row_row-0\",\"settings\":{\"name\":\"Row #0\"},\"columns\":[13,0,3,9]},{\"id\":\"row_row-1\",\"settings\":{\"name\":\"Row #1\"},\"columns\":[4]},{\"id\":\"row_row-2\",\"settings\":{\"name\":\"Row #2\"},\"columns\":[5]},{\"id\":\"row_row-3\",\"settings\":{\"name\":\"Row #3\"},\"columns\":[6]},{\"id\":\"row_row-4\",\"settings\":{\"name\":\"Row #4\"},\"columns\":[7]},{\"id\":\"row_row-5\",\"settings\":{\"name\":\"Row #5\"},\"columns\":[8]},{\"id\":\"row_row-6\",\"settings\":{\"name\":\"Row #6\",\"identification_code\":\"item_966998434316\",\"margin\":\"\",\"padding\":\"\",\"class\":\"\"},\"columns\":[11,10,12]},{\"id\":\"row_row-7\",\"settings\":{\"name\":\"Row #7\"},\"columns\":[14]}],\"columns\":{\"0\":{\"id\":\"column_column-0\",\"width\":{\"lg\":4,\"sm\":4,\"md\":4,\"xs\":12},\"settings\":{\"name\":\"Column #0\"},\"items\":[0]},\"3\":{\"id\":\"column_column-3\",\"settings\":{\"name\":\"Column #3\",\"identification_code\":\"item_909062497813\",\"margin\":\"\",\"padding\":\"\",\"visible_in\":[\"lg\",\"md\",\"sm\",\"xs\"],\"class\":\"sw-socials\"},\"items\":[3],\"width\":{\"sm\":3,\"md\":3,\"lg\":3,\"xs\":12}},\"4\":{\"id\":\"column_column-4\",\"width\":{\"lg\":12,\"md\":12,\"sm\":12,\"xs\":12},\"settings\":{\"name\":\"Column #4\"},\"items\":[4]},\"5\":{\"id\":\"column_column-5\",\"width\":{\"lg\":12,\"md\":12,\"sm\":12,\"xs\":12},\"settings\":{\"name\":\"Column #5\"},\"items\":[5]},\"6\":{\"id\":\"column_column-6\",\"width\":{\"lg\":12,\"md\":12,\"sm\":12,\"xs\":12},\"settings\":{\"name\":\"Column #6\"},\"items\":[6]},\"7\":{\"id\":\"column_column-7\",\"width\":{\"lg\":12,\"md\":12,\"sm\":12,\"xs\":12},\"settings\":{\"name\":\"Column #7\"},\"items\":[7]},\"8\":{\"id\":\"column_column-8\",\"width\":{\"lg\":12,\"md\":12,\"sm\":12,\"xs\":12},\"settings\":{\"name\":\"Column #8\"},\"items\":[8]},\"9\":{\"id\":\"column_column-9\",\"settings\":{\"name\":\"Column #9\"},\"items\":[9],\"width\":{\"sm\":1,\"md\":1,\"lg\":1,\"xs\":12}},\"10\":{\"id\":\"column_column-10\",\"width\":{\"lg\":6,\"sm\":4,\"md\":4,\"xs\":12},\"settings\":{\"name\":\"Column #10\"},\"items\":[10]},\"11\":{\"id\":\"column_column-11\",\"settings\":{\"name\":\"Column #11\"},\"items\":[11],\"width\":{\"sm\":4,\"md\":4,\"lg\":3,\"xs\":12}},\"12\":{\"id\":\"column_column-12\",\"settings\":{\"name\":\"Column #12\"},\"items\":[12],\"width\":{\"sm\":4,\"md\":4,\"lg\":3,\"xs\":12}},\"13\":{\"id\":\"column_column-13\",\"settings\":{\"name\":\"Column #13\"},\"items\":[13],\"width\":{\"sm\":4,\"md\":4,\"lg\":4,\"xs\":12}},\"14\":{\"id\":\"column_column-14\",\"width\":{\"lg\":12},\"settings\":{\"name\":\"Column #14\"},\"items\":[14,15]}},\"items\":{\"0\":{\"id\":\"item_logo\",\"type\":\"logo\",\"settings\":{\"name\":\"Logo\",\"identification_code\":\"item_271226734769\",\"logo\":\"templates\\\/jsn_educare_pro\\\/niches\\\/school\\\/images\\\/logo.png\",\"mobile-logo\":\"\",\"alt\":\"\",\"link\":\"\",\"visible_in\":[\"lg\",\"md\",\"sm\",\"xs\"],\"class\":\"\"}},\"3\":{\"id\":\"item_social-icons\",\"type\":\"social-icon\",\"settings\":{\"name\":\"Social Icons\",\"identification_code\":\"item_234875512012\",\"items\":[{\"icon\":\"fa fa-facebook\",\"text\":\"Facebook\",\"title\":\"\",\"link\":\"http:\\\/\\\/www.facebook.com\\\/joomlashine\"},{\"icon\":\"fa fa-twitter\",\"text\":\"Twitter\",\"link\":\"http:\\\/\\\/www.facebook.com\\\/joomlashine\",\"title\":\"\"},{\"icon\":\"fa fa-google-plus\",\"text\":\"Google+\",\"link\":\"http:\\\/\\\/www.facebook.com\\\/joomlashine\",\"title\":\"\"},{\"icon\":\"fa fa-youtube\",\"text\":\"YouTube\",\"link\":\"http:\\\/\\\/www.facebook.com\\\/joomlashine\",\"title\":\"\"}],\"color\":\"\",\"size\":\"13\",\"target\":\"\",\"visible_in\":[\"lg\",\"md\",\"sm\",\"xs\"],\"class\":\"\"}},\"4\":{\"id\":\"item_menu\",\"type\":\"menu\",\"settings\":{\"name\":\"Menu\",\"identification_code\":\"item_846882899357\",\"menu-type\":\"mainmenu\",\"menu-item\":\"\",\"menu-start-level\":\"1\",\"menu-end-level\":\"0\",\"menu-show-icon\":null,\"menu-show-description\":null,\"menu-show-submenu\":\"1\",\"menu-sub-effect\":\"1\",\"menu-mobile-target\":1,\"visible_in\":[\"lg\",\"md\",\"sm\",\"xs\"],\"class\":\"\"}},\"5\":{\"id\":\"item_promo\",\"type\":\"module-position\",\"settings\":{\"name\":\"Promo\",\"identification_code\":\"item_187071776453\",\"module-position\":\"promo\",\"visible_in\":[\"lg\",\"md\",\"sm\",\"xs\"],\"class\":\"\"}},\"6\":{\"id\":\"item_content-top\",\"type\":\"module-position\",\"settings\":{\"name\":\"Content Top\",\"identification_code\":\"item_910413292645\",\"module-position\":\"content-top\",\"visible_in\":[\"lg\",\"md\",\"sm\",\"xs\"],\"class\":\"\"}},\"7\":{\"id\":\"item_content-top-below\",\"type\":\"module-position\",\"settings\":{\"name\":\"Content Top Below\",\"identification_code\":\"item_381006252529\",\"module-position\":\"content-top-below\",\"visible_in\":[\"lg\",\"md\",\"sm\",\"xs\"],\"class\":\"\"}},\"8\":{\"id\":\"item_module-position\",\"type\":\"module-position\",\"settings\":{\"name\":\"Module Position\",\"identification_code\":\"item_1109193306938\",\"module-position\":\"bottom\",\"visible_in\":[\"lg\",\"md\",\"sm\",\"xs\"],\"class\":\"\"}},\"9\":{\"id\":\"item_search\",\"type\":\"joomla-module\",\"settings\":{\"name\":\"Search\",\"identification_code\":\"item_607990304164\",\"module\":\"Search:63\",\"visible_in\":[\"lg\",\"md\",\"sm\",\"xs\"],\"class\":\"\"}},\"10\":{\"id\":\"item_main-body\",\"type\":\"page-content\",\"settings\":{\"name\":\"Main Body\",\"disabled\":false}},\"11\":{\"id\":\"item_left\",\"type\":\"module-position\",\"settings\":{\"name\":\"Left\",\"identification_code\":\"item_235093991374\",\"module-position\":\"left\",\"visible_in\":[\"lg\",\"md\",\"sm\",\"xs\"],\"class\":\"\"}},\"12\":{\"id\":\"item_right-\",\"type\":\"module-position\",\"settings\":{\"name\":\"Right \",\"identification_code\":\"item_1047754410490\",\"module-position\":\"right\",\"visible_in\":[\"lg\",\"md\",\"sm\",\"xs\"],\"class\":\"\"}},\"13\":{\"id\":\"item_custom-html\",\"type\":\"custom-html\",\"settings\":{\"name\":\"Custom HTML\",\"identification_code\":\"item_770191969587\",\"html\":\"<ul class=\\\"sw-header-info\\\">\\n<li><i class=\\\"fa fa-envelope-o\\\">\\u00a0<\\\/i><a href=\\\"#\\\">Joomlashine@bravebits.vn <\\\/a><\\\/li>\\n<li><i class=\\\"fa fa-phone\\\">\\u00a0<\\\/i>+84 9888 966<\\\/li>\\n<\\\/ul>\",\"visible_in\":[\"lg\",\"md\",\"sm\",\"xs\"],\"class\":\"\"}},\"14\":{\"id\":\"item_shine-explore\",\"type\":\"joomla-module\",\"settings\":{\"name\":\"Shine Explore\",\"identification_code\":\"item_341726634145\",\"module\":\"Shine Explore:149\",\"visible_in\":[\"lg\",\"md\",\"sm\",\"xs\"],\"class\":\"\"}},\"15\":{\"id\":\"item_demo-builder-button\",\"type\":\"joomla-module\",\"settings\":{\"name\":\"Demo Builder Button\",\"identification_code\":\"item_716450132308\",\"module\":\"Demo Builder Button:150\",\"visible_in\":[\"lg\",\"md\",\"sm\",\"xs\"],\"class\":\"\"}}},\"views\":{\"main\":{\"sections\":[0,1,2,3,4,6,5]},\"top\":{\"rows\":[],\"settings\":{\"show-toggle\":1,\"anchor-position\":\"center\"}},\"right\":{\"rows\":[],\"settings\":{\"show-toggle\":1,\"anchor-position\":\"middle\"}},\"bottom\":{\"rows\":[],\"settings\":{\"show-toggle\":1,\"anchor-position\":\"center\"}},\"left\":{\"rows\":[],\"settings\":{\"show-toggle\":1,\"anchor-position\":\"middle\"}}},\"screen\":\"lg\",\"editing\":\"\"}","mega_menu_data":"{\"rows\":[{\"id\":\"row_row-0\",\"settings\":{\"name\":\"Row #0\",\"margin\":\"\",\"padding\":\"\",\"class\":\"test\"},\"columns\":[0,2,3]}],\"columns\":{\"0\":{\"id\":\"column_column-0\",\"width\":4,\"settings\":{\"name\":\"Column #0\"},\"blocks\":[0]},\"2\":{\"id\":\"column_column-2\",\"settings\":{\"name\":\"Column #2\"},\"blocks\":[4],\"width\":4},\"3\":{\"id\":\"column_column-3\",\"settings\":{\"name\":\"Column #3\"},\"blocks\":[3],\"width\":4}},\"blocks\":{\"0\":{\"id\":\"block_block-0\",\"settings\":{\"name\":\"Block #0\"},\"items\":[0,4]},\"3\":{\"id\":\"block_block-3\",\"settings\":{\"name\":\"Block #3\"},\"items\":[3]},\"4\":{\"id\":\"block_block-4\",\"settings\":{\"name\":\"Block #4\"},\"items\":[5]}},\"items\":{\"0\":{\"id\":\"item_item-0\",\"type\":\"joomla-module\",\"settings\":{\"name\":\"Module - Design\",\"module\":\"Design:174\",\"class\":\"\"}},\"3\":{\"id\":\"item_item-3\",\"type\":\"joomla-module\",\"settings\":{\"name\":\"Module - Feature\",\"module\":\"Feature:175\",\"class\":\"\"}},\"4\":{\"id\":\"item_item-4\",\"type\":\"joomla-module\",\"settings\":{\"name\":\"Module - Joomla\",\"module\":\"Joomla:176\",\"class\":\"\"}},\"5\":{\"id\":\"item_item-5\",\"type\":\"joomla-module\",\"settings\":{\"name\":\"Menu Styles\",\"module\":\"Menu Styles:186\",\"class\":\"\"}}},\"megamenu\":{\"294\":{\"settings\":{\"full\":\"1\",\"width\":\"810\",\"align\":\"\",\"padding\":{\"top\":\"15\",\"bottom\":\"5\",\"left\":\"15\",\"right\":\"15\"},\"backgroundColor\":\"\",\"backgroundImage\":\"\",\"backgroundImageSettings\":\"\",\"border\":\"\"},\"rows\":[0]}},\"lang\":\"*\",\"menu\":\"mainmenu\",\"root\":\"294\",\"editing\":\"row_0\"}","appearance_data":"{\"appliedStyle\":\"Green\",\"general\":{\"content\":{\"text-color\":\"#2d2d2d\",\"content-font-type\":\"google\",\"content-standard-font-family\":\"\",\"content-google-font-family\":{\"family\":\"Lato:100,100italic,300,300italic,regular,italic,700\",\"variant\":\"normal\"},\"font-weight\":\"\",\"font-size-base\":14,\"line-height-base\":1.4},\"color\":{\"main-color\":\"#bda658\",\"sub-color\":\"#F86201\"},\"heading\":{\"headings-color\":\"#282828\",\"headings-font-type\":\"google\",\"headings-standard-font-family\":\"\",\"headings-google-font-family\":{\"family\":\"Rufina:regular,700\",\"variant\":\"700\"},\"headings-font-weight\":\"\",\"headings-font-style\":\"\",\"headings-text-transform\":\"\",\"headings-text-shadow\":\"\",\"headings-base-size\":\"14\",\"headings-line-height\":1.4,\"headings-letter-spacing\":0}},\"sections\":{\"section_header\":{\"link\":{\"custom\":\"1\",\"link-color\":\"#000000\",\"link-color-hover\":\"\"}}},\"module\":{\"module-style-1\":{\"title\":{\"bg-color\":\"\",\"text-color\":\"\",\"text-transform\":\"uppercase\",\"font-size\":\"25\",\"text-icon-size\":\"\",\"text-icon-color\":\"\"},\"content\":{\"color\":\"\",\"font-size\":\"13\"}},\"module-style-2\":{\"container\":{\"padding\":{\"top\":\"5\",\"bottom\":\"20\",\"left\":\"20\",\"right\":\"20\"},\"background-color\":\"\",\"background-image\":\"\",\"background-image-settings\":\"\",\"border\":{\"universal\":\"1\",\"width\":\"1\",\"style\":\"solid\",\"color\":\"#e5e5e5\",\"top-width\":\"\",\"top-style\":\"\",\"top-color\":\"\",\"right-width\":\"\",\"right-style\":\"\",\"right-color\":\"\",\"bottom-width\":\"\",\"bottom-style\":\"\",\"bottom-color\":\"\",\"left-width\":\"\",\"left-style\":\"\",\"left-color\":\"\"}},\"title\":{\"bg-color\":\"\",\"text-color\":\"\",\"text-transform\":\"uppercase\",\"font-size\":\"25\",\"text-icon-size\":\"\",\"text-icon-color\":\"\"},\"content\":{\"color\":\"\",\"font-size\":\"13\"}},\"module-style-3\":{\"container\":{\"padding\":\"\",\"background-color\":\"\",\"background-image\":\"\",\"background-image-settings\":\"\",\"border\":\"\"},\"title\":{\"bg-color\":\"\",\"text-color\":\"\",\"text-transform\":\"uppercase\",\"font-size\":\"25\",\"text-icon-size\":\"\",\"text-icon-color\":\"\"},\"content\":{\"color\":\"\",\"font-size\":\"13\"}},\"module-style-4\":{\"title\":{\"bg-color\":\"\",\"text-color\":\"\",\"text-transform\":\"uppercase\",\"font-size\":\"25\",\"text-icon-size\":\"\",\"text-icon-color\":\"\"},\"container\":{\"padding\":{\"top\":\"5\",\"bottom\":\"20\",\"left\":\"20\",\"right\":\"20\"},\"background-color\":\"\",\"background-image\":\"\",\"background-image-settings\":\"\",\"border\":{\"universal\":\"0\",\"width\":\"\",\"style\":\"\",\"color\":\"\",\"top-width\":\"2\",\"top-style\":\"solid\",\"top-color\":\"#bda658\",\"right-width\":\"1\",\"right-style\":\"solid\",\"right-color\":\"#e5e5e5\",\"bottom-width\":\"1\",\"bottom-style\":\"solid\",\"bottom-color\":\"#e5e5e5\",\"left-width\":\"1\",\"left-style\":\"solid\",\"left-color\":\"#e5e5e5\"}},\"content\":{\"color\":\"\",\"font-size\":\"13\"}}},\"menu\":[],\"group\":\"general\",\"editing\":\"color\"}","system_data":"{\"niche-style\":\"school\",\"sunfwfavicon\":\"\",\"compression\":\"\",\"maxCompressionSize\":100,\"cacheDirectory\":\"cache\",\"compressionExclude\":\"\",\"showBrandingLink\":null,\"customAfterOpeningHeadTag\":\"<!-- Google Tag Manager -->\\n<script>\\n(function(w,d,s,l,i){w[l]=w[l]||[];w[l].push({'gtm.start':\\nnew Date().getTime(),event:'gtm.js'});var f=d.getElementsByTagName(s)[0],\\nj=d.createElement(s),dl=l!='dataLayer'?'&l='+l:'';j.async=true;j.src=\\n'https:\/\/www.googletagmanager.com\/gtm.js?id='+i+dl;f.parentNode.insertBefore(j,f);\\n})(window,document,'script','dataLayer','GTM-NQ4QMWV');\\n<\/script>\\n<!-- End Google Tag Manager -->\",\"customBeforeEndingHeadTag\":\"\",\"customAfterOpeningBodyTag\":\"<!-- Google Tag Manager (noscript) -->\\n<noscript><iframe src=\\\"https:\/\/www.googletagmanager.com\/ns.html?id=GTM-NQ4QMWV\\\"\\nheight=\\\"0\\\" width=\\\"0\\\" style=\\\"display:none;visibility:hidden\\\"><\/iframe><\/noscript>\\n<!-- End Google Tag Manager (noscript) -->\",\"customBeforeEndingBodyTag\":\"\",\"customCSSFiles\":\"\",\"customJSFiles\":\"\",\"minifyHTML\":\"\",\"moveJSToBottom\":\"\"}","cookie_law_data":null,"social_share_data":null,"commenting_data":null,"custom_404_data":null}