{"id":"1","style_id":"10","template":"jsn_educare_pro","layout_builder_data":"{\"appliedLayout\":\"\",\"settings\":{\"enable_responsive\":1,\"show_desktop_switcher\":1,\"enable_boxed_layout\":0,\"width_boxed_layout\":960,\"margin\":\"\",\"go_to_top\":null,\"icon_go_to_top\":\"fa-ban\",\"text_go_to_top\":\"Go to top\",\"color_go_to_top\":\"\",\"bg_go_to_top\":\"\",\"ps_go_to_top\":\"center\",\"show_branding_link\":1,\"branding_link_text\":\"\"},\"sections\":[{\"id\":\"section_top\",\"settings\":{\"name\":\"Top\",\"identification_code\":\"item_812048701420\",\"full_width\":null,\"enable_sticky\":0,\"margin\":\"\",\"padding\":\"\",\"class\":\"jsn_top\"},\"rows\":[0],\"label\":\"Top\"},{\"id\":\"section_header\",\"settings\":{\"name\":\"Header\",\"identification_code\":\"item_1242588569522\",\"full_width\":null,\"enable_sticky\":0,\"margin\":\"\",\"padding\":\"\",\"class\":\"jsn_header\"},\"rows\":[1],\"label\":\"Header\"},{\"id\":\"section_menu-top\",\"settings\":{\"name\":\"Menu Top\",\"identification_code\":\"item_1166490884834\",\"full_width\":null,\"enable_sticky\":null,\"margin\":\"\",\"padding\":\"\",\"class\":\"jsn_menu_top\"},\"rows\":[2],\"label\":\"Menu Top\"},{\"id\":\"section_search-top\",\"settings\":{\"name\":\"Search Top\",\"identification_code\":\"item_148977956628\",\"full_width\":null,\"enable_sticky\":0,\"margin\":\"\",\"padding\":\"\",\"class\":\"jsn_search_top\",\"disabled\":false},\"rows\":[3],\"label\":\"Search Top\"},{\"id\":\"section_features\",\"settings\":{\"name\":\"Features\",\"identification_code\":\"item_518462931420\",\"full_width\":null,\"enable_sticky\":0,\"margin\":\"\",\"padding\":\"\",\"class\":\"jsn_feature\",\"disabled\":false},\"rows\":[4],\"label\":\"Features\"},{\"id\":\"section_main-body\",\"settings\":{\"name\":\"Main Body\",\"identification_code\":\"item_1402952388208\",\"full_width\":null,\"enable_sticky\":0,\"margin\":\"\",\"padding\":\"\",\"class\":\"jsn_main_body\"},\"rows\":[5],\"label\":\"Main Body\"},{\"id\":\"section_main-body-top\",\"settings\":{\"name\":\"Main Body Top\",\"identification_code\":\"item_1409683649657\",\"full_width\":1,\"enable_sticky\":0,\"margin\":\"\",\"padding\":\"\",\"class\":\"\"},\"rows\":[6],\"label\":\"Main Body Top\"},{\"id\":\"section_main-body-bottom\",\"settings\":{\"name\":\"Main Body Bottom\",\"identification_code\":\"item_1445905446484\",\"full_width\":null,\"enable_sticky\":0,\"margin\":\"\",\"padding\":\"\",\"class\":\"\"},\"rows\":[7],\"label\":\"Main Body Bottom\"},{\"id\":\"section_user-bottom\",\"settings\":{\"name\":\"User Bottom\",\"identification_code\":\"item_173550574060\",\"full_width\":null,\"enable_sticky\":0,\"margin\":\"\",\"padding\":{\"top\":\"\",\"bottom\":\"30\",\"left\":\"\",\"right\":\"\"},\"class\":\"\"},\"rows\":[8],\"label\":\"User Bottom\"},{\"id\":\"section_bottom\",\"settings\":{\"name\":\"Bottom\",\"identification_code\":\"item_1012084438366\",\"full_width\":null,\"enable_sticky\":0,\"margin\":\"\",\"padding\":{\"top\":\"20\",\"bottom\":\"25\",\"left\":\"\",\"right\":\"\"},\"class\":\"\"},\"rows\":[9],\"label\":\"Bottom\"},{\"id\":\"section_footer\",\"settings\":{\"name\":\"Footer\",\"identification_code\":\"item_856063038309\",\"full_width\":null,\"enable_sticky\":0,\"margin\":{\"top\":\"25\",\"bottom\":\"\",\"left\":\"\",\"right\":\"\"},\"padding\":\"\",\"class\":\"jsn_footer\"},\"rows\":[10],\"label\":\"Footer\"},{\"id\":\"section_copyright\",\"settings\":{\"name\":\"Copyright\",\"identification_code\":\"item_1329550060629\",\"full_width\":null,\"enable_sticky\":0,\"margin\":\"\",\"padding\":\"\",\"class\":\"jsn_copyright\"},\"rows\":[11,15],\"label\":\"Copyright\"},{\"id\":\"section_banner\",\"settings\":{\"name\":\"Banner\",\"identification_code\":\"item_1417163370709\",\"full_width\":1,\"enable_sticky\":0,\"margin\":\"\",\"padding\":\"\",\"class\":\"jsn_banner\"},\"rows\":[12],\"label\":\"Banner\"},{\"id\":\"section_content-top\",\"settings\":{\"name\":\"Content Top\",\"identification_code\":\"item_451137600726\",\"full_width\":null,\"enable_sticky\":0,\"margin\":\"\",\"padding\":\"\",\"class\":\"\",\"disabled\":false},\"rows\":[13],\"label\":\"Content Top\"},{\"id\":\"section_content-bottom\",\"settings\":{\"name\":\"Content Bottom\",\"identification_code\":\"item_783753231924\",\"full_width\":null,\"enable_sticky\":0,\"margin\":\"\",\"padding\":\"\",\"class\":\"\"},\"rows\":[14],\"label\":\"Content Bottom\"}],\"rows\":[{\"id\":\"row_row-0\",\"settings\":{\"name\":\"Row #0\"},\"columns\":[0,24,1]},{\"id\":\"row_row-1\",\"settings\":{\"name\":\"Row #1\"},\"columns\":[2,3]},{\"id\":\"row_row-2\",\"settings\":{\"name\":\"Row #2\"},\"columns\":[4,5]},{\"id\":\"row_row-3\",\"settings\":{\"name\":\"Row #3\"},\"columns\":[6]},{\"id\":\"row_row-4\",\"settings\":{\"name\":\"Row #4\"},\"columns\":[7]},{\"id\":\"row_row-5\",\"settings\":{\"name\":\"Row #5\"},\"columns\":[11,25,8,26,12]},{\"id\":\"row_row-6\",\"settings\":{\"name\":\"Row #6\"},\"columns\":[9]},{\"id\":\"row_row-7\",\"settings\":{\"name\":\"Row #7\"},\"columns\":[10]},{\"id\":\"row_row-8\",\"settings\":{\"name\":\"Row #8\"},\"columns\":[13,14]},{\"id\":\"row_row-9\",\"settings\":{\"name\":\"Row #9\"},\"columns\":[15]},{\"id\":\"row_row-10\",\"settings\":{\"name\":\"Row #10\",\"identification_code\":\"item_183114177950\",\"margin\":\"\",\"padding\":\"\",\"class\":\"\"},\"columns\":[16,17,18]},{\"id\":\"row_row-11\",\"settings\":{\"name\":\"Row #11\"},\"columns\":[19,20]},{\"id\":\"row_row-12\",\"settings\":{\"name\":\"Row #12\"},\"columns\":[21]},{\"id\":\"row_row-13\",\"settings\":{\"name\":\"Row #13\"},\"columns\":[22]},{\"id\":\"row_row-14\",\"settings\":{\"name\":\"Row #14\"},\"columns\":[23]},{\"id\":\"row_row-15\",\"settings\":{\"name\":\"Row #15\"},\"columns\":[27]}],\"columns\":[{\"id\":\"column_column-0\",\"width\":{\"lg\":6,\"sm\":7,\"md\":8,\"xs\":12},\"settings\":{\"name\":\"Column #0\"},\"items\":[0]},{\"id\":\"column_column-1\",\"settings\":{\"name\":\"Column #1\"},\"items\":[1],\"width\":{\"sm\":2,\"md\":2,\"lg\":2,\"xs\":6}},{\"id\":\"column_column-2\",\"width\":{\"lg\":4,\"sm\":4,\"md\":4,\"xs\":12},\"settings\":{\"name\":\"Column #2\"},\"items\":[2]},{\"id\":\"column_column-3\",\"settings\":{\"name\":\"Column #3\"},\"items\":[3],\"width\":{\"sm\":8,\"md\":8,\"lg\":8,\"xs\":12}},{\"id\":\"column_column-4\",\"width\":{\"lg\":8,\"sm\":9,\"md\":8,\"xs\":12},\"settings\":{\"name\":\"Column #4\"},\"items\":[4]},{\"id\":\"column_column-5\",\"settings\":{\"name\":\"Column #5\",\"identification_code\":\"item_56098747459\",\"margin\":\"\",\"padding\":\"\",\"visible_in\":[\"lg\",\"md\",\"sm\",\"xs\"],\"class\":\"search-menu\"},\"items\":[5],\"width\":{\"sm\":3,\"md\":4,\"lg\":4,\"xs\":12}},{\"id\":\"column_column-6\",\"width\":{\"lg\":12,\"md\":12,\"sm\":12,\"xs\":12},\"settings\":{\"name\":\"Column #6\"},\"items\":[6]},{\"id\":\"column_column-7\",\"width\":{\"lg\":12,\"md\":12,\"sm\":12,\"xs\":12},\"settings\":{\"name\":\"Column #7\"},\"items\":[7]},{\"id\":\"column_column-8\",\"width\":{\"lg\":2,\"md\":2,\"sm\":2,\"xs\":12},\"settings\":{\"name\":\"Column #8\"},\"items\":[23,8,22]},{\"id\":\"column_column-9\",\"width\":{\"lg\":12,\"md\":12,\"sm\":12,\"xs\":12},\"settings\":{\"name\":\"Column #9\"},\"items\":[9]},{\"id\":\"column_column-10\",\"width\":{\"lg\":12,\"md\":12,\"sm\":12,\"xs\":12},\"settings\":{\"name\":\"Column #10\"},\"items\":[10]},{\"id\":\"column_column-11\",\"settings\":{\"name\":\"Column #11\"},\"items\":[11],\"width\":{\"sm\":3,\"md\":2,\"lg\":3,\"xs\":12}},{\"id\":\"column_column-12\",\"settings\":{\"name\":\"Column #12\"},\"items\":[12],\"width\":{\"sm\":3,\"md\":3,\"lg\":3,\"xs\":12}},{\"id\":\"column_column-13\",\"width\":{\"lg\":7,\"sm\":6,\"md\":6,\"xs\":12},\"settings\":{\"name\":\"Column #13\"},\"items\":[13]},{\"id\":\"column_column-14\",\"settings\":{\"name\":\"Column #14\"},\"items\":[14],\"width\":{\"sm\":6,\"md\":6,\"lg\":5,\"xs\":12}},{\"id\":\"column_column-15\",\"width\":{\"lg\":12,\"md\":12,\"sm\":12,\"xs\":12},\"settings\":{\"name\":\"Column #15\"},\"items\":[15]},{\"id\":\"column_column-16\",\"width\":{\"lg\":3,\"sm\":4,\"md\":4,\"xs\":12},\"settings\":{\"name\":\"Column #16\"},\"items\":[19,16]},{\"id\":\"column_column-17\",\"settings\":{\"name\":\"Column #17\",\"identification_code\":\"item_167149586253\",\"margin\":\"\",\"padding\":\"\",\"visible_in\":[\"lg\",\"md\",\"sm\",\"xs\"],\"class\":\"border-lr\"},\"items\":[17],\"width\":{\"sm\":8,\"md\":4,\"lg\":5,\"xs\":12}},{\"id\":\"column_column-18\",\"settings\":{\"name\":\"Column #18\"},\"items\":[18],\"width\":{\"sm\":12,\"md\":4,\"lg\":4,\"xs\":12}},{\"id\":\"column_column-19\",\"width\":{\"lg\":9,\"sm\":6,\"md\":6,\"xs\":12},\"settings\":{\"name\":\"Column #19\"},\"items\":[20]},{\"id\":\"column_column-20\",\"settings\":{\"name\":\"Column #20\",\"identification_code\":\"item_561289117672\",\"margin\":\"\",\"padding\":\"\",\"visible_in\":[\"lg\",\"md\",\"sm\",\"xs\"],\"class\":\"pull-right\"},\"items\":[21],\"width\":{\"sm\":6,\"md\":6,\"lg\":3,\"xs\":12}},{\"id\":\"column_column-21\",\"width\":{\"lg\":12,\"md\":12,\"sm\":12,\"xs\":12},\"settings\":{\"name\":\"Column #21\"},\"items\":[24]},{\"id\":\"column_column-22\",\"width\":{\"lg\":12,\"md\":12,\"sm\":12,\"xs\":12},\"settings\":{\"name\":\"Column #22\"},\"items\":[25]},{\"id\":\"column_column-23\",\"width\":{\"lg\":12,\"md\":12,\"sm\":12,\"xs\":12},\"settings\":{\"name\":\"Column #23\"},\"items\":[26]},{\"id\":\"column_column-24\",\"settings\":{\"name\":\"Column #24\",\"identification_code\":\"item_516142282501\",\"margin\":\"\",\"padding\":{\"top\":\"\",\"bottom\":\"\",\"left\":\"0\",\"right\":\"0\"},\"visible_in\":[\"lg\",\"md\",\"sm\",\"xs\"],\"class\":\"\"},\"items\":[27],\"width\":{\"sm\":3,\"md\":2,\"lg\":4,\"xs\":6}},{\"id\":\"column_column-25\",\"settings\":{\"name\":\"Column #25\"},\"items\":[28],\"width\":{\"sm\":2,\"md\":2,\"lg\":2,\"xs\":12}},{\"id\":\"column_column-26\",\"settings\":{\"name\":\"Column #26\"},\"items\":[29],\"width\":{\"sm\":2,\"md\":3,\"lg\":2,\"xs\":12}},{\"id\":\"column_column-27\",\"width\":{\"lg\":12},\"settings\":{\"name\":\"Column #27\"},\"items\":[30,31]}],\"items\":[{\"id\":\"item_custom-html_1488359834011\",\"type\":\"custom-html\",\"settings\":{\"name\":\"Custom HTML\",\"identification_code\":\"item_1298998661008\",\"html\":\"<p>(012) 345-335-6789 | 50 Kingsroad, Angel City, UK 12345<\\\/p>\",\"visible_in\":[\"lg\",\"md\",\"sm\",\"xs\"],\"class\":\"\"}},{\"id\":\"item_social-icons\",\"type\":\"social-icon\",\"settings\":{\"name\":\"Social Icons\",\"identification_code\":\"item_933549544372\",\"items\":[{\"icon\":\"fa fa-facebook\",\"text\":\"Facebook\",\"title\":\"\",\"link\":\"#\"},{\"icon\":\"fa fa-twitter\",\"text\":\"Twitter\",\"title\":\"\",\"link\":\"#\"},{\"icon\":\"fa fa-google-plus\",\"text\":\"Google+\",\"title\":\"\",\"link\":\"#\"},{\"icon\":\"fa fa-youtube-play\",\"text\":\"YouTube\",\"title\":\"\",\"link\":\"#\"}],\"color\":\"\",\"size\":\"12\",\"target\":\"\",\"visible_in\":[\"lg\",\"md\",\"sm\",\"xs\"],\"class\":\"\"}},{\"id\":\"item_logo\",\"type\":\"logo\",\"settings\":{\"name\":\"Logo\",\"identification_code\":\"item_94303165636\",\"logo\":\"templates\\\/jsn_educare_pro\\\/images\\\/logo_universalis.png\",\"mobile-logo\":\"\",\"alt\":\"\",\"link\":\"\",\"visible_in\":[\"lg\",\"md\",\"sm\",\"xs\"],\"class\":\"\"}},{\"id\":\"item_menu\",\"type\":\"menu\",\"settings\":{\"name\":\"Menu\",\"identification_code\":\"item_433490725107\",\"menu-type\":\"mainmenu\",\"menu-item\":\"\",\"menu-start-level\":\"1\",\"menu-end-level\":\"0\",\"menu-show-icon\":1,\"menu-show-description\":1,\"menu-show-submenu\":\"1\",\"menu-sub-effect\":\"1\",\"menu-mobile-target\":1,\"visible_in\":[\"lg\",\"md\",\"sm\",\"xs\"],\"class\":\"no-button\"}},{\"id\":\"item_menu_1489203833976\",\"type\":\"menu\",\"settings\":{\"name\":\"Menu\",\"identification_code\":\"item_1435893425406\",\"menu-type\":\"universalis\",\"menu-item\":\"\",\"menu-start-level\":\"1\",\"menu-end-level\":\"0\",\"menu-show-icon\":\"1\",\"menu-show-description\":\"1\",\"menu-show-submenu\":\"1\",\"menu-sub-effect\":\"2\",\"menu-mobile-target\":1,\"visible_in\":[\"lg\",\"md\",\"sm\",\"xs\"],\"class\":\"\"}},{\"id\":\"item_module-position\",\"type\":\"module-position\",\"settings\":{\"name\":\"Module Position\",\"identification_code\":\"item_703850686848\",\"module-position\":\"top1\",\"visible_in\":[\"lg\",\"md\",\"sm\",\"xs\"],\"class\":\"\"}},{\"id\":\"item_module-position_1487405057787\",\"type\":\"module-position\",\"settings\":{\"name\":\"Module Position\",\"identification_code\":\"item_1334837488106\",\"module-position\":\"search-top\",\"visible_in\":[\"lg\",\"md\",\"sm\",\"xs\"],\"class\":\"\"}},{\"id\":\"item_module-position_1488791205519\",\"type\":\"module-position\",\"settings\":{\"name\":\"Module Position\",\"identification_code\":\"item_632875655912\",\"module-position\":\"features\",\"visible_in\":[\"lg\",\"md\",\"sm\",\"xs\"],\"class\":\"\"}},{\"id\":\"item_main-body\",\"type\":\"page-content\",\"settings\":{\"name\":\"Main Body\"}},{\"id\":\"item_module-position_1487750090758\",\"type\":\"module-position\",\"settings\":{\"name\":\"Module Position\",\"identification_code\":\"item_593260978716\",\"module-position\":\"main-body-top\",\"visible_in\":[\"lg\",\"md\",\"sm\",\"xs\"],\"class\":\"\"}},{\"id\":\"item_module-position_1487750123862\",\"type\":\"module-position\",\"settings\":{\"name\":\"Module Position\",\"identification_code\":\"item_896246008791\",\"module-position\":\"main-body-bottom\",\"visible_in\":[\"lg\",\"md\",\"sm\",\"xs\"],\"class\":\"\"}},{\"id\":\"item_left\",\"type\":\"module-position\",\"settings\":{\"name\":\"Left\",\"identification_code\":\"item_667491665803\",\"module-position\":\"left\",\"visible_in\":[\"lg\",\"md\",\"sm\",\"xs\"],\"class\":\"jsn_main_left\"}},{\"id\":\"item_right\",\"type\":\"module-position\",\"settings\":{\"name\":\"Right\",\"identification_code\":\"item_151606795837\",\"module-position\":\"right\",\"visible_in\":[\"lg\",\"md\",\"sm\",\"xs\"],\"class\":\"jsn_main_right\"}},{\"id\":\"item_bottom-1\",\"type\":\"module-position\",\"settings\":{\"name\":\"Bottom 1\",\"identification_code\":\"item_78828892901\",\"module-position\":\"bottom1\",\"visible_in\":[\"lg\",\"md\",\"sm\",\"xs\"],\"class\":\"\"}},{\"id\":\"item_bottom-2\",\"type\":\"module-position\",\"settings\":{\"name\":\"Bottom 2\",\"identification_code\":\"item_300139262716\",\"module-position\":\"bottom2\",\"visible_in\":[\"lg\",\"md\",\"sm\",\"xs\"],\"class\":\"\"}},{\"id\":\"item_bottom\",\"type\":\"module-position\",\"settings\":{\"name\":\"Bottom\",\"identification_code\":\"item_1066371871081\",\"module-position\":\"bottom\",\"visible_in\":[\"lg\",\"md\",\"sm\",\"xs\"],\"class\":\"\"}},{\"id\":\"item_module-position_1487991911706\",\"type\":\"module-position\",\"settings\":{\"name\":\"Module Position\",\"identification_code\":\"item_473506987488\",\"module-position\":\"footer1\",\"visible_in\":[\"lg\",\"md\",\"sm\",\"xs\"],\"class\":\"\"}},{\"id\":\"item_module-position_1488005728253\",\"type\":\"module-position\",\"settings\":{\"name\":\"Module Position\",\"identification_code\":\"item_894855441092\",\"module-position\":\"footer2\",\"visible_in\":[\"lg\",\"md\",\"sm\",\"xs\"],\"class\":\"\"}},{\"id\":\"item_module-position_1487991919842\",\"type\":\"module-position\",\"settings\":{\"name\":\"Module Position\",\"identification_code\":\"item_356480373044\",\"module-position\":\"footer3\",\"visible_in\":[\"lg\",\"md\",\"sm\",\"xs\"],\"class\":\"\"}},{\"id\":\"item_logo_1487993679407\",\"type\":\"logo\",\"settings\":{\"name\":\"Logo\",\"identification_code\":\"item_915226273073\",\"logo\":\"templates\\\/jsn_educare_pro\\\/images\\\/logo_footer_universalis.png\",\"mobile-logo\":\"\",\"alt\":\"\",\"link\":\"\",\"visible_in\":[\"lg\",\"md\",\"sm\",\"xs\"],\"class\":\"\"}},{\"id\":\"item_custom-html\",\"type\":\"custom-html\",\"settings\":{\"name\":\"Custom HTML\",\"identification_code\":\"item_468592155428\",\"html\":\"<p>Copyright \\u00a9 2017 Joomlashine. Website Designed for University\\\/Education purposes.<\\\/p>\",\"visible_in\":[\"lg\",\"md\",\"sm\",\"xs\"],\"class\":\"\"}},{\"id\":\"item_social-icons_1488007827562\",\"type\":\"social-icon\",\"settings\":{\"name\":\"Social Icons\",\"identification_code\":\"item_1451240729799\",\"items\":[{\"icon\":\"fa fa-facebook\",\"text\":\"Facebook\",\"title\":\"\",\"link\":\"#\"},{\"icon\":\"fa fa-youtube-play\",\"text\":\"YouTube\",\"title\":\"\",\"link\":\"#\"},{\"icon\":\"fa fa-twitter\",\"text\":\"Twitter\",\"title\":\"\",\"link\":\"#\"},{\"icon\":\"fa fa-google-plus\",\"text\":\"Google+\",\"title\":\"\",\"link\":\"#\"}],\"color\":\"\",\"size\":14,\"target\":\"\",\"visible_in\":[\"lg\",\"md\",\"sm\",\"xs\"],\"class\":\"\"}},{\"id\":\"item_main-bottom\",\"type\":\"module-position\",\"settings\":{\"name\":\"Main Bottom\",\"identification_code\":\"item_1039023502250\",\"module-position\":\"main-bottom\",\"visible_in\":[\"lg\",\"md\",\"sm\",\"xs\"],\"class\":\"\"}},{\"id\":\"item_main-top\",\"type\":\"module-position\",\"settings\":{\"name\":\"Main Top\",\"identification_code\":\"item_1015922988131\",\"module-position\":\"main-top\",\"visible_in\":[\"lg\",\"md\",\"sm\",\"xs\"],\"class\":\"\"}},{\"id\":\"item_banner\",\"type\":\"module-position\",\"settings\":{\"name\":\"Banner\",\"identification_code\":\"item_293085818915\",\"module-position\":\"banner\",\"visible_in\":[\"lg\",\"md\",\"sm\",\"xs\"],\"class\":\"\"}},{\"id\":\"item_module-position_1488278689888\",\"type\":\"module-position\",\"settings\":{\"name\":\"Module Position\",\"identification_code\":\"item_608842806821\",\"module-position\":\"content-top\",\"visible_in\":[\"lg\",\"md\",\"sm\",\"xs\"],\"class\":\"\"}},{\"id\":\"item_module-position_1488442644140\",\"type\":\"module-position\",\"settings\":{\"name\":\"Module Position\",\"identification_code\":\"item_767653397430\",\"module-position\":\"content-bottom\",\"visible_in\":[\"lg\",\"md\",\"sm\",\"xs\"],\"class\":\"\"}},{\"id\":\"item_top-right\",\"type\":\"module-position\",\"settings\":{\"name\":\"Top Right\",\"identification_code\":\"item_537741839975\",\"module-position\":\"top-right\",\"visible_in\":[\"lg\",\"md\",\"sm\",\"xs\"],\"class\":\"\"}},{\"id\":\"item_inner-left\",\"type\":\"module-position\",\"settings\":{\"name\":\"Inner Left\",\"identification_code\":\"item_822041401775\",\"module-position\":\"innerleft\",\"visible_in\":[\"lg\",\"md\",\"sm\",\"xs\"],\"class\":\"\"}},{\"id\":\"item_inner-right\",\"type\":\"module-position\",\"settings\":{\"name\":\"Inner Right\",\"identification_code\":\"item_169608423806\",\"module-position\":\"innerright\",\"visible_in\":[\"lg\",\"md\",\"sm\",\"xs\"],\"class\":\"\"}},{\"id\":\"item_shine-explore\",\"type\":\"joomla-module\",\"settings\":{\"name\":\"Shine Explore\",\"identification_code\":\"item_1260336672709\",\"module\":\"Shine Explore:144\",\"visible_in\":[\"lg\",\"md\",\"sm\",\"xs\"],\"class\":\"\"}},{\"id\":\"item_demo-builder-button\",\"type\":\"joomla-module\",\"settings\":{\"name\":\"Demo Builder Button\",\"identification_code\":\"item_346230525432\",\"module\":\"Demo Builder Button:145\",\"visible_in\":[\"lg\",\"md\",\"sm\",\"xs\"],\"class\":\"\"}}],\"views\":{\"main\":{\"sections\":[0,1,2,12,3,13,4,6,5,14,7,8,9,10,11]},\"top\":{\"rows\":[],\"settings\":{\"show-toggle\":1,\"anchor-position\":\"center\"}},\"right\":{\"rows\":[],\"settings\":{\"show-toggle\":1,\"anchor-position\":\"middle\"}},\"bottom\":{\"rows\":[],\"settings\":{\"show-toggle\":1,\"anchor-position\":\"center\"}},\"left\":{\"rows\":[],\"settings\":{\"show-toggle\":1,\"anchor-position\":\"middle\"}}},\"screen\":\"lg\",\"editing\":\"section_2\"}","mega_menu_data":"{\"rows\":[{\"id\":\"row_row-0\",\"settings\":{\"name\":\"Row #0\"},\"columns\":[0,1,2]}],\"columns\":[{\"id\":\"column_column-0\",\"width\":4,\"settings\":{\"name\":\"Column #0\"},\"blocks\":[0]},{\"id\":\"column_column-1\",\"settings\":{\"name\":\"Column #1\"},\"blocks\":[1],\"width\":4},{\"id\":\"column_column-2\",\"settings\":{\"name\":\"Column #2\"},\"blocks\":[2],\"width\":4}],\"blocks\":[{\"id\":\"block_block-0\",\"settings\":{\"name\":\"Block #0\"},\"items\":[0,3]},{\"id\":\"block_block-1\",\"settings\":{\"name\":\"Block #1\"},\"items\":[1]},{\"id\":\"block_block-2\",\"settings\":{\"name\":\"Block #2\"},\"items\":[2]}],\"items\":[{\"id\":\"item_item-0\",\"type\":\"joomla-module\",\"settings\":{\"name\":\"Layout\",\"module\":\"LAYOUT:138\",\"class\":\"\"}},{\"id\":\"item_item-1\",\"type\":\"joomla-module\",\"settings\":{\"name\":\"COLOR VARIATIONS\",\"module\":\"COLOR VARIATIONS:140\",\"class\":\"\"}},{\"id\":\"item_item-2\",\"type\":\"joomla-module\",\"settings\":{\"name\":\"Menu Styles\",\"module\":\"Menu Style:141\",\"class\":\"\"}},{\"id\":\"item_item-3\",\"type\":\"joomla-module\",\"settings\":{\"name\":\"DESIGN\",\"module\":\"DESIGN:139\",\"class\":\"\"}}],\"megamenu\":{\"625\":{\"settings\":[],\"rows\":[0]}},\"lang\":\"*\",\"menu\":\"universalis\",\"root\":\"625\",\"editing\":\"item_2\"}","appearance_data":"{\"appliedStyle\":\"\",\"general\":{\"page\":{\"outer-background-color\":\"#e6e9eb\",\"outer-background-image\":\"\",\"outer-background-image-settings\":\"\"},\"content\":{\"text-color\":\"#6f7779\",\"content-font-type\":\"google\",\"content-standard-font-family\":\"\",\"content-google-font-family\":{\"family\":\"Titillium Web:regular,italic,600,600italic\",\"subset\":\"latin\"},\"font-weight\":\"\",\"font-size-base\":14,\"line-height-base\":\"1.42\",\"color\":\"#000\",\"content-custom-font-file\":\"\"},\"link\":{\"link-color\":\"#292a2d\",\"link-hover-color\":\"#d2a60f\"},\"heading\":{\"headings-color\":\"#000\",\"headings-font-type\":\"google\",\"headings-standard-font-family\":\"\",\"headings-google-font-family\":{\"family\":\"Titillium Web:600,600italic,700,700italic\",\"variant\":\"600\",\"subset\":\"latin\"},\"headings-font-weight\":\"\",\"headings-font-style\":\"\",\"headings-text-transform\":\"\",\"headings-text-shadow\":\"\",\"headings-base-size\":\"12\",\"headings-line-height\":1.4,\"headings-letter-spacing\":0,\"headings-custom-font-file\":\"\"},\"primary-button\":{\"btn-primary-bg\":\"#d2a60f\",\"btn-primary-border-all\":{\"universal\":\"1\",\"width\":\"0\",\"style\":\"none\",\"color\":\"#ffffff\",\"top-width\":\"\",\"top-style\":\"\",\"top-color\":\"\",\"right-width\":\"\",\"right-style\":\"\",\"right-color\":\"\",\"bottom-width\":\"\",\"bottom-style\":\"\",\"bottom-color\":\"\",\"left-width\":\"\",\"left-style\":\"\",\"left-color\":\"\"},\"btn-primary-box-shadow\":\"\",\"btn-primary-color\":\"#ffffff\",\"btn-primary-text-shadow\":\"\",\"btn-primary-bg-hover\":\"#0d2949\",\"btn-primary-border-hover\":\"\",\"btn-primary-color-hover\":\"\"},\"default-button\":{\"btn-default-padding\":\"\",\"btn-default-bg\":\"\",\"btn-default-border-all\":\"\",\"btn-default-radius\":{\"top-left\":\"0\",\"bottom-right\":\"0\",\"bottom-left\":\"0\",\"top-right\":\"0\"},\"btn-default-box-shadow\":\"\",\"btn-default-color\":\"\",\"btn-default-font-weight\":\"600\",\"btn-default-font-style\":\"\",\"btn-default-text-transform\":\"uppercase\",\"btn-default-text-shadow\":\"\",\"btn-default-base-size\":\"12\",\"btn-default-letter-spacing\":\"1\",\"btn-default-bg-hover\":\"\",\"btn-default-border-hover\":\"\",\"btn-default-color-hover\":\"\"},\"color\":{\"main-color\":\"#d2a60f\",\"sub-color\":\"#F86201\"}},\"sections\":{\"section_top\":{\"container\":{\"background-color\":\"#1c1d1f\",\"background-image\":\"\",\"background-image-settings\":\"\",\"border\":\"\"}},\"section_header\":{\"container\":{\"background-color\":\"#0d2949\",\"background-image\":\"\",\"background-image-settings\":\"\",\"border\":\"\"}},\"section_search-top\":{\"container\":{\"background-color\":\"\",\"background-image\":\"images\\\/joomlashine\\\/sample\\\/content-types\\\/university-banner.png\",\"background-image-settings\":{\"repeat\":\"\",\"size\":\"cover\",\"attachment\":\"inherit\",\"position\":\"center top\"},\"border\":\"\"}},\"section_menu-top\":{\"container\":{\"background-color\":\"#ffffff\",\"background-image\":\"\",\"background-image-settings\":\"\",\"border\":\"\"}},\"section_footer\":{\"container\":{\"background-color\":\"#272c31\",\"background-image\":\"\",\"background-image-settings\":\"\",\"border\":\"\"}},\"section_copyright\":{\"container\":{\"background-color\":\"#1c1d1f\",\"background-image\":\"\",\"background-image-settings\":\"\",\"border\":\"\"}},\"section_content-top\":{\"container\":{\"background-color\":\"#ffffff\",\"background-image\":\"\",\"background-image-settings\":\"\",\"border\":\"\"}},\"section_content-bottom\":{\"container\":{\"background-color\":\"#ffffff\",\"background-image\":\"\",\"background-image-settings\":\"\",\"border\":\"\"}}},\"module\":{\"module-style-2\":{\"container\":{\"padding\":{\"top\":\"20\",\"bottom\":\"20\",\"left\":\"20\",\"right\":\"20\"},\"background-color\":\"#ffffff\",\"background-image\":\"\",\"background-image-settings\":\"\",\"border\":\"\"},\"title\":{\"bg-color\":\"\",\"text-color\":\"#979fa1\",\"text-transform\":\"uppercase\",\"font-size\":\"11\",\"text-icon-size\":\"\",\"text-icon-color\":\"\"}},\"module-style-1\":{\"container\":{\"padding\":{\"top\":\"20\",\"left\":\"20\",\"right\":\"20\",\"bottom\":\"20\"},\"background-color\":\"#ffffff\",\"background-image\":\"\",\"background-image-settings\":\"\",\"border\":\"\"},\"title\":{\"bg-color\":\"\",\"text-color\":\"#979fa1\",\"font-weight\":\"normal\",\"text-transform\":\"uppercase\",\"font-size\":\"11\",\"text-icon-size\":\"\",\"text-icon-color\":\"\"}},\"module-style-3\":{\"container\":{\"padding\":{\"top\":\"20\",\"left\":\"20\",\"right\":\"20\",\"bottom\":\"20\"},\"background-color\":\"#ffffff\",\"background-image\":\"\",\"background-image-settings\":\"\",\"border\":\"\"},\"title\":{\"bg-color\":\"\",\"text-color\":\"\",\"font-weight\":\"normal\",\"text-transform\":\"uppercase\",\"font-size\":\"11\",\"text-icon-size\":\"\",\"text-icon-color\":\"\"}},\"module-style-4\":{\"container\":{\"padding\":{\"top\":\"20\",\"left\":\"20\",\"right\":\"20\",\"bottom\":\"20\"},\"background-color\":\"#ffffff\",\"background-image\":\"\",\"background-image-settings\":\"\",\"border\":\"\"},\"title\":{\"bg-color\":\"\",\"text-color\":\"\",\"font-weight\":\"normal\",\"text-transform\":\"uppercase\",\"font-size\":\"11\",\"text-icon-size\":\"\",\"text-icon-color\":\"\"}}},\"menu\":{\"item_menu\":{\"root\":{\"font-size\":\"13\",\"text-transform\":\"none\",\"background-color\":\"\",\"color\":\"#ffffff\",\"background-color-hover\":\"\",\"link-color-hover\":\"#7c91a9\"}},\"item_menu_1487395335741\":{\"root\":{\"font-size\":14,\"text-transform\":\"uppercase\",\"background-color\":\"\",\"color\":\"#2e2e30\",\"background-color-hover\":\"\",\"link-color-hover\":\"\"}},\"item_menu_1488436886592\":{\"dropdown\":{\"font-size\":\"14\",\"text-transform\":\"\",\"width-dropdown\":200,\"background-color\":\"#eaecee\",\"color\":\"#6f7779\",\"background-color-hover\":\"\",\"link-color-hover\":\"#1c1d1f\"},\"root\":{\"font-size\":14,\"text-transform\":\"uppercase\",\"background-color\":\"\",\"color\":\"\",\"background-color-hover\":\"#eaecee\",\"link-color-hover\":\"\"}}},\"group\":\"sections\",\"editing\":\"section_search-top::container\"}","system_data":"{\"niche-style\":\"university\",\"sunfwfavicon\":\"\",\"compression\":\"\",\"maxCompressionSize\":100,\"cacheDirectory\":\"cache\",\"compressionExclude\":\"\",\"minifyHTML\":\"\",\"moveJSToBottom\":\"\",\"showBrandingLink\":1,\"customAfterOpeningHeadTag\":\"<!-- Google Tag Manager -->\\n<script>\\n(function(w,d,s,l,i){w[l]=w[l]||[];w[l].push({'gtm.start':\\nnew Date().getTime(),event:'gtm.js'});var f=d.getElementsByTagName(s)[0],\\nj=d.createElement(s),dl=l!='dataLayer'?'&l='+l:'';j.async=true;j.src=\\n'https:\/\/www.googletagmanager.com\/gtm.js?id='+i+dl;f.parentNode.insertBefore(j,f);\\n})(window,document,'script','dataLayer','GTM-NQ4QMWV');\\n<\/script>\\n<!-- End Google Tag Manager -->\",\"customBeforeEndingHeadTag\":\"\",\"customAfterOpeningBodyTag\":\"<!-- Google Tag Manager (noscript) -->\\n<noscript><iframe src=\\\"https:\/\/www.googletagmanager.com\/ns.html?id=GTM-NQ4QMWV\\\"\\nheight=\\\"0\\\" width=\\\"0\\\" style=\\\"display:none;visibility:hidden\\\"><\/iframe><\/noscript>\\n<!-- End Google Tag Manager (noscript) -->\",\"customBeforeEndingBodyTag\":\"\",\"customCSSFiles\":\"\",\"customJSFiles\":\"\"}","cookie_law_data":null,"social_share_data":null,"commenting_data":null,"custom_404_data":null}