{"appliedStyle":"","general":{"content":{"text-color":"#2d2d2d","content-font-type":"google","content-standard-font-family":"","content-google-font-family":{"family":"Lato:100,100italic,300,300italic,regular,italic,700"},"font-weight":"","font-size-base":14,"line-height-base":1.4},"color":{"main-color":"#bda658","sub-color":"#F86201"},"heading":{"headings-color":"#282828","headings-font-type":"google","headings-standard-font-family":"","headings-google-font-family":{"family":"Rufina:regular,700","variant":"700"},"headings-font-weight":"","headings-font-style":"","headings-text-transform":"","headings-text-shadow":"","headings-base-size":"14","headings-line-height":1.4,"headings-letter-spacing":0},"default-button":{"btn-default-padding":{"top":"9","bottom":"10","left":"20","right":"20"},"btn-default-bg":"#000000","btn-default-border-all":{"universal":"1","width":"0","style":"none","color":"","top-width":"","top-style":"","top-color":"","right-width":"","right-style":"","right-color":"","bottom-width":"","bottom-style":"","bottom-color":"","left-width":"","left-style":"","left-color":""},"btn-default-radius":{"top-left":"0","bottom-right":"0","bottom-left":"0","top-right":"0"},"btn-default-box-shadow":"","btn-default-color":"#ffffff","btn-default-font-weight":"600","btn-default-font-style":"","btn-default-text-transform":"uppercase","btn-default-text-shadow":"","btn-default-base-size":"11","btn-default-letter-spacing":0,"btn-default-bg-hover":"main","btn-default-border-hover":"","btn-default-color-hover":"#ffffff"},"primary-button":{"btn-primary-bg":"main","btn-primary-border-all":{"universal":"1","width":"0","style":"none","color":"","top-width":"","top-style":"","top-color":"","right-width":"","right-style":"","right-color":"","bottom-width":"","bottom-style":"","bottom-color":"","left-width":"","left-style":"","left-color":""},"btn-primary-box-shadow":"","btn-primary-color":"#ffffff","btn-primary-text-shadow":"","btn-primary-bg-hover":"#000000","btn-primary-border-hover":"","btn-primary-color-hover":"#ffffff"}},"sections":{"section_header":{"link":{"custom":"1","link-color":"#000000","link-color-hover":""}}},"module":{"module-style-1":{"title":{"bg-color":"","text-color":"","text-transform":"uppercase","font-size":"24","text-icon-size":"","text-icon-color":"","font-weight":"normal"},"content":{"color":"","font-size":"13"}},"module-style-2":{"container":{"padding":{"top":"5","bottom":"20","left":"20","right":"20"},"background-color":"","background-image":"","background-image-settings":"","border":{"universal":"1","width":"1","style":"solid","color":"#e5e5e5","top-width":"","top-style":"","top-color":"","right-width":"","right-style":"","right-color":"","bottom-width":"","bottom-style":"","bottom-color":"","left-width":"","left-style":"","left-color":""}},"title":{"bg-color":"","text-color":"","text-transform":"uppercase","font-size":"24","text-icon-size":"","text-icon-color":"","font-weight":"normal"},"content":{"color":"","font-size":"13"}},"module-style-3":{"container":{"padding":"","background-color":"","background-image":"","background-image-settings":"","border":""},"title":{"bg-color":"","text-color":"","text-transform":"uppercase","font-size":"24","text-icon-size":"","text-icon-color":"","font-weight":"normal"},"content":{"color":"","font-size":"13"}},"module-style-4":{"title":{"bg-color":"","text-color":"","text-transform":"uppercase","font-size":"24","text-icon-size":"","text-icon-color":"","font-weight":"normal"},"container":{"padding":{"top":"5","bottom":"20","left":"20","right":"20"},"background-color":"","background-image":"","background-image-settings":"","border":{"universal":"0","width":"","style":"","color":"","top-width":"2","top-style":"solid","top-color":"main","right-width":"1","right-style":"solid","right-color":"#e5e5e5","bottom-width":"1","bottom-style":"solid","bottom-color":"#e5e5e5","left-width":"1","left-style":"solid","left-color":"#e5e5e5"}},"content":{"color":"","font-size":"13"}}},"menu":[],"group":"general","editing":"color"}