{"appliedStyle":"","general":{"page":{"outer-background-color":"#e6e9eb","outer-background-image":"","outer-background-image-settings":""},"content":{"text-color":"#6f7779","content-font-type":"google","content-standard-font-family":"","content-google-font-family":{"family":"Titillium Web:regular,italic,600,600italic"},"font-weight":"","font-size-base":14,"line-height-base":"1.42"},"link":{"link-color":"#292a2d","link-hover-color":"main"},"heading":{"headings-color":"#000","headings-font-type":"google","headings-standard-font-family":"","headings-google-font-family":{"family":"Titillium Web:600,600italic,700,700italic","variant":"600"},"headings-font-weight":"","headings-font-style":"","headings-text-transform":"","headings-text-shadow":"","headings-base-size":"12","headings-line-height":1.4,"headings-letter-spacing":0},"primary-button":{"btn-primary-bg":"main","btn-primary-border-all":{"universal":"1","width":"0","style":"none","color":"#ffffff","top-width":"","top-style":"","top-color":"","right-width":"","right-style":"","right-color":"","bottom-width":"","bottom-style":"","bottom-color":"","left-width":"","left-style":"","left-color":""},"btn-primary-box-shadow":"","btn-primary-color":"#ffffff","btn-primary-text-shadow":"","btn-primary-bg-hover":"#0d2949","btn-primary-border-hover":"","btn-primary-color-hover":""},"default-button":{"btn-default-padding":"","btn-default-bg":"","btn-default-border-all":"","btn-default-radius":{"top-left":"0","bottom-right":"0","bottom-left":"0","top-right":"0"},"btn-default-box-shadow":"","btn-default-color":"","btn-default-font-weight":"600","btn-default-font-style":"","btn-default-text-transform":"uppercase","btn-default-text-shadow":"","btn-default-base-size":"12","btn-default-letter-spacing":"1","btn-default-bg-hover":"","btn-default-border-hover":"","btn-default-color-hover":""},"color":{"main-color":"#bf0000","sub-color":"#F86201"}},"sections":{"section_top":{"container":{"background-color":"#1c1d1f","background-image":"","background-image-settings":"","border":""}},"section_header":{"container":{"background-color":"#0d2949","background-image":"","background-image-settings":"","border":""}},"section_search-top":{"container":{"background-color":"","background-image":"images/joomlashine/placeholder/unv_search_top.jpg","background-image-settings":{"repeat":"","size":"cover","attachment":"inherit","position":"center top"},"border":""}},"section_menu-top":{"container":{"background-color":"#ffffff","background-image":"","background-image-settings":"","border":""}},"section_footer":{"container":{"background-color":"#272c31","background-image":"","background-image-settings":"","border":""}},"section_copyright":{"container":{"background-color":"#1c1d1f","background-image":"","background-image-settings":"","border":""}},"section_content-top":{"container":{"background-color":"#ffffff","background-image":"","background-image-settings":"","border":""}},"section_content-bottom":{"container":{"background-color":"#ffffff","background-image":"","background-image-settings":"","border":""}}},"module":{"module-style-2":{"container":{"padding":{"top":"20","bottom":"20","left":"20","right":"20"},"background-color":"#ffffff","background-image":"","background-image-settings":"","border":""},"title":{"bg-color":"","text-color":"#979fa1","text-transform":"uppercase","font-size":"11","text-icon-size":"","text-icon-color":""}}},"menu":{"item_menu":{"root":{"font-size":"13","text-transform":"none","background-color":"","color":"#ffffff","background-color-hover":"","link-color-hover":"#7c91a9"}},"item_menu_1487395335741":{"root":{"font-size":14,"text-transform":"uppercase","background-color":"","color":"#2e2e30","background-color-hover":"","link-color-hover":""}},"item_menu_1488436886592":{"dropdown":{"font-size":"14","text-transform":"","width-dropdown":200,"background-color":"#eaecee","color":"#6f7779","background-color-hover":"","link-color-hover":"#1c1d1f"},"root":{"font-size":14,"text-transform":"uppercase","background-color":"","color":"","background-color-hover":"#eaecee","link-color-hover":""}}},"group":"general","editing":"color"}