{"appliedStyle":"Pink","currentGroup":"sections","general":{"page-inner":{"inner-background-color":"","inner-border":"","inner-box-shadow":""},"page":{"outer-background-color":"#fff","outer-background-image":"images/joomlashine/sample/bg-body_pink.png","outer-background-image-settings":""},"content":{"text-color":"#333","content-font-type":"google","content-standard-font-family":"Arial, Helvetica, sans-serif","content-google-font-family":{"family":"Lato:regular"},"font-weight":"","font-size-base":"13","line-height-base":"1.5"},"heading":{"headings-color":"#363636","headings-font-type":"google","headings-standard-font-family":"","headings-google-font-family":{"family":"Lato:300,regular,700,900","variant":"700"},"headings-font-weight":"","headings-font-style":"","headings-text-transform":"uppercase","headings-text-shadow":"","headings-base-size":"10","headings-line-height":1.4,"headings-letter-spacing":0},"color":{"main-color":"#B85E6D","sub-color":"#6f6f6f"},"link":{"link-color":"#4d4d4d","link-hover-color":"#B85E6D"},"primary-button":{"btn-primary-bg":"#B85E6D","btn-primary-border-all":{"universal":"1","width":"1","style":"solid","color":"#B85E6D","top-width":"","top-style":"","top-color":"","right-width":"","right-style":"","right-color":"","bottom-width":"","bottom-style":"","bottom-color":"","left-width":"","left-style":"","left-color":""},"btn-primary-box-shadow":"","btn-primary-color":"#fff","btn-primary-text-shadow":"","btn-primary-bg-hover":"#9F2B2B","btn-primary-border-hover":"#9F2B2B","btn-primary-color-hover":"#fff"},"default-button":{"btn-default-padding":{"top":"12","bottom":"12","left":"20","right":"20"},"btn-default-bg":"","btn-default-border-all":"","btn-default-radius":{"top-left":"0","bottom-left":"0","top-right":"0","bottom-right":"0"},"btn-default-box-shadow":"","btn-default-color":"","btn-default-font-weight":"700","btn-default-font-style":"","btn-default-text-transform":"","btn-default-text-shadow":"","btn-default-base-size":"13","btn-default-letter-spacing":0,"btn-default-bg-hover":"","btn-default-border-hover":"","btn-default-color-hover":""}},"sections":{"section_slider":{"heading":{"custom":"1","headings-color":"","headings-text-transform":"capitalize","headings-text-shadow":"","headings-base-size":"10","headings-line-height":"1","headings-letter-spacing":""},"content":{"custom":null,"color":"","font-size-base":"","line-height":""}},"section_menu":{"container":{"background-color":"","background-image":"","background-image-settings":"","border":{"universal":"0","top-width":"0","top-color":"","bottom-width":"0","bottom-style":"initial","top-style":"initial","bottom-color":"","width":"","style":"","color":"","right-width":"","right-style":"","right-color":"","left-width":"","left-style":"","left-color":""}}},"section_content-bottom":{"container":{"background-color":"","background-image":"","background-image-settings":"","border":""}},"section_copyright":{"container":{"background-color":"","background-image":"","background-image-settings":"","border":""},"heading":{"custom":"1","headings-color":"#fff","headings-text-transform":"","headings-text-shadow":"","headings-base-size":"","headings-line-height":"","headings-letter-spacing":""},"content":{"custom":"1","color":"#f8f8f8","font-size-base":"12","line-height":""}},"section_compoment":{"heading":{"custom":null,"headings-color":"#363636","headings-text-transform":"uppercase","headings-text-shadow":"","headings-base-size":"11","headings-line-height":"1.4","headings-letter-spacing":""},"link":{"custom":null,"link-color":"","link-color-hover":""},"primary-button":{"custom":null,"btn-primary-bg":"","btn-primary-border-all":"","btn-primary-box-shadow":"","btn-primary-color":"","btn-primary-text-shadow":"","btn-primary-bg-hover":"","btn-primary-border-hover":"","btn-primary-color-hover":""},"container":{"background-color":"","background-image":"","background-image-settings":"","border":""}},"section_footer":{"container":{"background-color":"","background-image":"","background-image-settings":"","border":{"universal":"1","top-width":"","top-style":"initial","top-color":"","bottom-width":"0","bottom-color":"","bottom-style":"initial","width":"","style":"","color":"","right-width":"","right-style":"","right-color":"","left-width":"","left-style":"","left-color":""}},"heading":{"custom":"1","headings-color":"#fff","headings-text-transform":"uppercase","headings-text-shadow":"","headings-base-size":"","headings-line-height":"","headings-letter-spacing":""},"content":{"custom":"1","color":"#f8f8f8","font-size-base":"12","line-height":""},"link":{"custom":"1","link-color":"#fff","link-color-hover":""}},"section_header":{"container":{"background-color":"","background-image":"","background-image-settings":"","border":""},"heading":{"custom":null,"headings-color":"","headings-text-transform":"","headings-text-shadow":"","headings-base-size":"","headings-line-height":"","headings-letter-spacing":""}},"section_content-top":{"container":{"background-color":"","background-image":"","background-image-settings":"","border":""}}},"module":{"module-style-2":{"title":{"bg-color":"#B85E6D","text-color":"#fff","text-transform":"uppercase","font-size":"18","text-icon-size":"","text-icon-color":"#fff"},"container":{"padding":"","background-color":"#333","background-image":"","background-image-settings":"","border":""},"content":{"color":"#fff","font-size":""}},"module-style-3":{"title":{"bg-color":"#fff","text-color":"#333","text-transform":"uppercase","font-size":"18","text-icon-size":"","text-icon-color":"#333"}},"module-style-1":{"content":{"color":"#333333","font-size":""},"container":{"padding":"","background-color":"#e8e8e8","background-image":"","background-image-settings":"","border":""},"title":{"bg-color":"#333333","text-color":"#fff","text-transform":"uppercase","font-size":"18","text-icon-size":"","text-icon-color":"#fff"}},"module-style-4":{"title":{"bg-color":"","text-color":"","text-transform":"uppercase","font-size":"18","text-icon-size":"","text-icon-color":""}}},"menu":{"item_menu":{"root":{"font-size":"13","text-transform":"uppercase","background-color":"#fff","color":"#333","background-color-hover":"#B85E6D","link-color-hover":"#fff"},"dropdown":{"font-size":"13","text-transform":"","background-color":"#fff","color":"#333","background-color-hover":"#fff","link-color-hover":"#B85E6D","width-dropdown":200}},"item_menu---top-menu":{"root":{"font-size":14,"text-transform":"","background-color":"","color":"#333","background-color-hover":"","link-color-hover":""}}},"group":"general","editing":"page"}