{"appliedStyle":"","general":{"content":{"text-color":"#2d2d2d","content-font-type":"google","content-standard-font-family":"","content-google-font-family":{"family":"Lato:100,100italic,300,300italic,regular,italic,700","variant":"normal"},"font-weight":"","font-size-base":14,"line-height-base":1.4},"color":{"main-color":"#488008","sub-color":"#F86201"},"heading":{"headings-color":"#282828","headings-font-type":"google","headings-standard-font-family":"","headings-google-font-family":{"family":"Rufina:regular,700","variant":"700"},"headings-font-weight":"","headings-font-style":"","headings-text-transform":"","headings-text-shadow":"","headings-base-size":"14","headings-line-height":1.4,"headings-letter-spacing":0}},"sections":{"section_header":{"link":{"custom":"1","link-color":"#000000","link-color-hover":""}}},"module":{"module-style-1":{"title":{"bg-color":"","text-color":"","text-transform":"uppercase","font-size":"25","text-icon-size":"","text-icon-color":""},"content":{"color":"","font-size":"13"}},"module-style-2":{"container":{"padding":{"top":"5","bottom":"20","left":"20","right":"20"},"background-color":"","background-image":"","background-image-settings":"","border":{"universal":"1","width":"1","style":"solid","color":"#e5e5e5","top-width":"","top-style":"","top-color":"","right-width":"","right-style":"","right-color":"","bottom-width":"","bottom-style":"","bottom-color":"","left-width":"","left-style":"","left-color":""}},"title":{"bg-color":"","text-color":"","text-transform":"uppercase","font-size":"25","text-icon-size":"","text-icon-color":""},"content":{"color":"","font-size":"13"}},"module-style-3":{"container":{"padding":"","background-color":"","background-image":"","background-image-settings":"","border":""},"title":{"bg-color":"","text-color":"","text-transform":"uppercase","font-size":"25","text-icon-size":"","text-icon-color":""},"content":{"color":"","font-size":"13"}},"module-style-4":{"title":{"bg-color":"","text-color":"","text-transform":"uppercase","font-size":"25","text-icon-size":"","text-icon-color":""},"container":{"padding":{"top":"5","bottom":"20","left":"20","right":"20"},"background-color":"","background-image":"","background-image-settings":"","border":{"universal":"0","width":"","style":"","color":"","top-width":"2","top-style":"solid","top-color":"#bda658","right-width":"1","right-style":"solid","right-color":"#e5e5e5","bottom-width":"1","bottom-style":"solid","bottom-color":"#e5e5e5","left-width":"1","left-style":"solid","left-color":"#e5e5e5"}},"content":{"color":"","font-size":"13"}}},"menu":[],"group":"general","editing":"color"}