{"id":"1","style_id":"178","template":"jsn_pixel2_pro","layout_builder_data":"{\"appliedLayout\":\"\",\"currentScreen\":\"lg\",\"settings\":{\"enable_responsive\":\"1\",\"show_desktop_switcher\":null,\"enable_boxed_layout\":\"1\",\"width_boxed_layout\":\"1170\",\"margin\":\"\",\"go_to_top\":\"1\",\"icon_go_to_top\":\"fa-ban\",\"text_go_to_top\":\"<i class=\\\"fa fa-chevron-up\\\"><\\\/i>Go to top\",\"color_go_to_top\":\"#fff\",\"bg_go_to_top\":\"#DD514A\",\"ps_go_to_top\":\"center\"},\"sections\":{\"0\":{\"id\":\"section_header\",\"label\":\"Header\",\"settings\":{\"name\":\"Header\",\"identification_code\":\"item_661135512292\",\"full_width\":null,\"enable_sticky\":null,\"margin\":\"\",\"padding\":\"\",\"class\":\"\"},\"rows\":[0]},\"2\":{\"id\":\"section_slider\",\"label\":\"Slider\",\"settings\":{\"name\":\"Slider\",\"identification_code\":\"item_898873437278\",\"full_width\":null,\"enable_sticky\":0,\"margin\":{\"top\":\"20\",\"bottom\":\"20\",\"left\":\"\",\"right\":\"\"},\"padding\":\"\",\"class\":\"\"},\"rows\":[3]},\"3\":{\"id\":\"section_compoment\",\"label\":\"Compoment\",\"settings\":{\"name\":\"Compoment\",\"identification_code\":\"item_698949849282\",\"full_width\":null,\"enable_sticky\":0,\"margin\":{\"top\":\"20\",\"bottom\":\"20\",\"left\":\"\",\"right\":\"\"},\"padding\":\"\",\"class\":\"sunfw_section_compoment\"},\"rows\":[4]},\"4\":{\"id\":\"section_content-bottom\",\"label\":\"Content Bottom\",\"settings\":{\"name\":\"Content Bottom\",\"identification_code\":\"item_850094105843\",\"full_width\":null,\"enable_sticky\":0,\"margin\":\"\",\"padding\":\"\",\"class\":\"\"},\"rows\":[5,10]},\"5\":{\"id\":\"section_copyright\",\"label\":\"Copyright\",\"settings\":{\"name\":\"Copyright\",\"identification_code\":\"item_1261676118568\",\"full_width\":null,\"enable_sticky\":0,\"margin\":{\"top\":\"\",\"left\":\"10\",\"right\":\"10\",\"bottom\":\"\"},\"padding\":{\"top\":\"20\",\"left\":\"\",\"right\":\"\",\"bottom\":\"15\"},\"class\":\"copyright\"},\"rows\":[9,12]},\"6\":{\"id\":\"section_footer\",\"label\":\"Footer\",\"settings\":{\"name\":\"Footer\",\"identification_code\":\"item_1405400227309\",\"full_width\":null,\"enable_sticky\":0,\"margin\":{\"top\":\"\",\"left\":\"10\",\"right\":\"10\",\"bottom\":\"\"},\"padding\":{\"top\":\"20\",\"left\":\"\",\"right\":\"\",\"bottom\":\"10\"},\"class\":\"footer\"},\"rows\":[8]},\"7\":{\"id\":\"section_content-top\",\"settings\":{\"name\":\"Content Top\",\"identification_code\":\"item_640335329447\",\"full_width\":null,\"enable_sticky\":0,\"margin\":\"\",\"padding\":\"\",\"class\":\"\"},\"rows\":[11],\"label\":\"Content Top\"}},\"rows\":{\"0\":{\"id\":\"row_row-0\",\"label\":\"Row #0\",\"settings\":{\"name\":\"Row #0\",\"identification_code\":\"item_255728047952\",\"margin\":\"\",\"padding\":\"\",\"class\":\"flex flex-items-bottom\"},\"columns\":[0,16]},\"3\":{\"id\":\"row_row-3\",\"label\":\"Row #3\",\"settings\":{\"name\":\"Row #3\",\"identification_code\":\"item_103237631993\",\"margin\":\"\",\"padding\":\"\",\"class\":\"\"},\"columns\":[5]},\"4\":{\"id\":\"row_row-4\",\"label\":\"Row #4\",\"settings\":{\"name\":\"Row #4\",\"identification_code\":\"item_1478003832819\",\"margin\":{\"top\":\"0\",\"bottom\":\"0\",\"left\":\"0\",\"right\":\"0\"},\"padding\":\"\",\"class\":\"\"},\"columns\":[17,6,7]},\"5\":{\"id\":\"row_row-5\",\"label\":\"Row #5\",\"settings\":{\"name\":\"Row #5\",\"identification_code\":\"item_59840029629\",\"margin\":\"\",\"padding\":\"\",\"class\":\"\"},\"columns\":[8]},\"8\":{\"id\":\"row_row-8\",\"label\":\"Row #8\",\"settings\":{\"name\":\"Row #8\",\"identification_code\":\"item_74377848288\",\"margin\":\"\",\"padding\":\"\",\"class\":\"\"},\"columns\":[11,12,13]},\"9\":{\"id\":\"row_row-9\",\"label\":\"Row #9\",\"settings\":{\"name\":\"Row #9\",\"identification_code\":\"item_1430171835262\",\"margin\":\"\",\"padding\":{\"top\":\"\",\"left\":\"10\",\"right\":\"30\",\"bottom\":\"\"},\"class\":\"\"},\"columns\":[14,23]},\"10\":{\"id\":\"row_row-10\",\"label\":\"Row #10\",\"settings\":{\"name\":\"Row #10\",\"identification_code\":\"item_1048488198386\",\"margin\":\"\",\"padding\":\"\",\"class\":\"\"},\"columns\":[22,21,20]},\"11\":{\"id\":\"row_row-11\",\"settings\":{\"name\":\"Row #11\"},\"columns\":[24]},\"12\":{\"id\":\"row_row-12\",\"settings\":{\"name\":\"Row #12\"},\"columns\":[25]}},\"columns\":{\"0\":{\"id\":\"column_column-0\",\"label\":\"Column #0\",\"settings\":{\"name\":\"Column #0\",\"identification_code\":\"item_468025755785\",\"margin\":\"\",\"padding\":\"\",\"visible_in\":[\"lg\",\"md\",\"sm\",\"xs\"],\"class\":\"width-220\"},\"items\":[0],\"width\":{\"sm\":3,\"md\":3,\"lg\":2,\"xs\":12}},\"5\":{\"id\":\"column_column-5\",\"label\":\"Column #5\",\"settings\":{\"name\":\"Column #5\",\"identification_code\":\"item_177837842917\",\"margin\":\"\",\"padding\":\"\",\"visible_in\":[\"lg\",\"md\",\"sm\",\"xs\"],\"class\":\"\"},\"items\":[5],\"width\":{\"lg\":12,\"md\":12,\"sm\":12,\"xs\":12}},\"6\":{\"id\":\"column_column-6\",\"label\":\"Column #6\",\"settings\":{\"name\":\"Column #6\",\"identification_code\":\"item_947325596846\",\"margin\":\"\",\"padding\":{\"top\":\"\",\"bottom\":\"\",\"left\":\"0\",\"right\":\"0\"},\"visible_in\":[\"lg\",\"md\",\"sm\",\"xs\"],\"class\":\"\"},\"items\":[15,6,11],\"width\":{\"sm\":5,\"md\":6,\"lg\":6,\"xs\":12}},\"7\":{\"id\":\"column_column-7\",\"label\":\"Column #7\",\"settings\":{\"name\":\"Column #7\",\"identification_code\":\"item_1025383651151\",\"margin\":\"\",\"padding\":{\"top\":\"\",\"bottom\":\"\",\"left\":\"20\",\"right\":\"0\"},\"visible_in\":[\"lg\",\"md\",\"sm\",\"xs\"],\"class\":\"\"},\"items\":[7],\"width\":{\"sm\":4,\"md\":3,\"lg\":3,\"xs\":12}},\"8\":{\"id\":\"column_column-8\",\"label\":\"Column #8\",\"settings\":[],\"items\":[8],\"width\":{\"lg\":12,\"md\":12,\"sm\":12,\"xs\":12}},\"11\":{\"id\":\"column_column-11\",\"label\":\"Column #11\",\"settings\":[],\"items\":[12],\"width\":{\"sm\":4,\"md\":4,\"lg\":4,\"xs\":12}},\"12\":{\"id\":\"column_column-12\",\"label\":\"Column #12\",\"settings\":[],\"items\":[13],\"width\":{\"sm\":4,\"md\":4,\"lg\":4,\"xs\":12}},\"13\":{\"id\":\"column_column-13\",\"label\":\"Column #13\",\"settings\":[],\"items\":[14],\"width\":{\"sm\":4,\"md\":4,\"lg\":4,\"xs\":12}},\"14\":{\"id\":\"column_column-14\",\"label\":\"Column #14\",\"settings\":{\"name\":\"Column #14\",\"identification_code\":\"item_388582130034\",\"margin\":\"\",\"padding\":\"\",\"visible_in\":[\"lg\",\"md\",\"sm\",\"xs\"],\"class\":\"\"},\"items\":[10],\"width\":{\"sm\":6,\"md\":6,\"lg\":6,\"xs\":12}},\"16\":{\"id\":\"column_column-16\",\"label\":\"Column #16\",\"settings\":{\"name\":\"Column #16\",\"identification_code\":\"item_444108393517\",\"margin\":\"\",\"padding\":\"\",\"visible_in\":[\"lg\",\"md\",\"sm\",\"xs\"],\"class\":\"full-768\"},\"items\":[26,2],\"width\":{\"sm\":9,\"md\":9,\"lg\":10,\"xs\":12}},\"17\":{\"id\":\"column_column-17\",\"label\":\"Column #17\",\"settings\":{\"name\":\"Column #17\",\"identification_code\":\"item_715419294948\",\"margin\":\"\",\"padding\":{\"top\":\"\",\"bottom\":\"\",\"left\":\"0\",\"right\":\"20\"},\"visible_in\":[\"lg\",\"md\",\"sm\",\"xs\"],\"class\":\"\"},\"items\":[18],\"width\":{\"sm\":3,\"md\":3,\"lg\":3,\"xs\":12}},\"20\":{\"id\":\"column_column-20\",\"label\":\"Column #20\",\"settings\":{\"name\":\"Column #20\",\"identification_code\":\"item_1212729173695\",\"margin\":\"\",\"padding\":\"\",\"visible_in\":[\"lg\",\"md\",\"sm\",\"xs\"],\"class\":\"\"},\"items\":[21],\"width\":{\"sm\":4,\"md\":4,\"lg\":4,\"xs\":12}},\"21\":{\"id\":\"column_column-21\",\"label\":\"Column #21\",\"settings\":{\"name\":\"Column #21\",\"identification_code\":\"item_1135291650581\",\"margin\":\"\",\"padding\":\"\",\"visible_in\":[\"lg\",\"md\",\"sm\",\"xs\"],\"class\":\"\"},\"items\":[22],\"width\":{\"sm\":4,\"md\":4,\"lg\":4,\"xs\":12}},\"22\":{\"id\":\"column_column-22\",\"label\":\"Column #22\",\"settings\":[],\"items\":[23],\"width\":{\"sm\":4,\"md\":4,\"lg\":4,\"xs\":12}},\"23\":{\"id\":\"column_column-23\",\"label\":\"Column #23\",\"settings\":[],\"items\":[9],\"width\":{\"sm\":6,\"md\":6,\"lg\":6,\"xs\":12}},\"24\":{\"id\":\"column_column-24\",\"width\":{\"lg\":12,\"md\":12,\"sm\":12,\"xs\":12},\"settings\":{\"name\":\"Column #24\"},\"items\":[24]},\"25\":{\"id\":\"column_column-25\",\"width\":{\"lg\":12},\"settings\":{\"name\":\"Column #25\"},\"items\":[25]}},\"items\":{\"0\":{\"id\":\"item_logo\",\"type\":\"logo\",\"label\":\"Logo\",\"settings\":{\"name\":\"Logo\",\"identification_code\":\"item_1060249617518\",\"logo\":\"images\\\/joomlashine\\\/sample\\\/logo.png\",\"mobile-logo\":\"images\\\/joomlashine\\\/sample\\\/logo.png\",\"alt\":\"\",\"link\":\"\",\"visible_in\":[\"lg\",\"md\",\"sm\",\"xs\"],\"class\":\"\"}},\"2\":{\"id\":\"item_menu\",\"type\":\"menu\",\"label\":\"Menu\",\"settings\":{\"name\":\"Menu\",\"identification_code\":\"item_408645287649\",\"menu-type\":\"mainmenu\",\"menu-item\":\"\",\"menu-start-level\":\"1\",\"menu-end-level\":\"0\",\"menu-show-icon\":\"1\",\"menu-show-description\":null,\"menu-show-submenu\":\"1\",\"menu-sub-effect\":\"1\",\"menu-mobile-target\":1,\"visible_in\":[\"lg\",\"md\",\"sm\",\"xs\"],\"class\":\"main-menu clearfix special\"}},\"5\":{\"id\":\"item_module-position---slider\",\"type\":\"module-position\",\"label\":\"Module Position\",\"settings\":{\"name\":\"Module Position - Slider\",\"identification_code\":\"item_890060955624\",\"module-position\":\"slider\",\"visible_in\":[\"lg\",\"md\",\"sm\",\"xs\"],\"class\":\"\"}},\"6\":{\"id\":\"item_main-body\",\"type\":\"page-content\",\"label\":\"Main Body\",\"settings\":{\"name\":\"Main Body\",\"identification_code\":\"item_279671848590\",\"show_on_front_page\":\"1\"}},\"7\":{\"id\":\"item_module-position---right\",\"type\":\"module-position\",\"label\":\"Module Position\",\"settings\":{\"name\":\"Module Position - Right\",\"identification_code\":\"item_182023597810\",\"module-position\":\"right\",\"visible_in\":[\"lg\",\"md\",\"sm\",\"xs\"],\"class\":\"\"}},\"8\":{\"id\":\"item_module-position---content-bottom\",\"type\":\"module-position\",\"label\":\"Module Position\",\"settings\":{\"name\":\"Module Position - Content bottom\",\"identification_code\":\"item_762559490200\",\"module-position\":\"content-bottom\",\"visible_in\":[\"lg\",\"md\",\"sm\",\"xs\"],\"class\":\"\"}},\"9\":{\"id\":\"item_module---joomlashine-copyright\",\"type\":\"joomla-module\",\"label\":\"Module\",\"settings\":{\"name\":\"Module - JoomlaShine Copyright\",\"identification_code\":\"item_1241846908471\",\"module\":\"JoomlaShine copyright:101\",\"visible_in\":[\"lg\",\"md\",\"sm\",\"xs\"],\"class\":\"text-right\"}},\"10\":{\"id\":\"item_module---joomla-copyright\",\"type\":\"joomla-module\",\"label\":\"Module\",\"settings\":{\"name\":\"Module - Joomla Copyright\",\"identification_code\":\"item_1365188837992\",\"module\":\"Joomla! Copyright:99\",\"visible_in\":[\"lg\",\"md\",\"sm\",\"xs\"],\"class\":\"text-left\"}},\"11\":{\"id\":\"item_module-position---mainbody-bottom\",\"type\":\"module-position\",\"label\":\"Module Position\",\"settings\":{\"name\":\"Module Position - Mainbody Bottom\",\"identification_code\":\"item_21089487367\",\"module-position\":\"mainbody-bottom\",\"visible_in\":[\"lg\",\"md\",\"sm\",\"xs\"],\"class\":\"\"}},\"12\":{\"id\":\"item_module---free-edition\",\"type\":\"joomla-module\",\"label\":\"Module\",\"settings\":{\"name\":\"Module - Free Edition\",\"identification_code\":\"item_1308368247110\",\"module\":\"Free Edition:160\",\"visible_in\":[\"lg\",\"md\",\"sm\",\"xs\"],\"class\":\"\"}},\"13\":{\"id\":\"item_module---pro-edition\",\"type\":\"joomla-module\",\"label\":\"Module\",\"settings\":{\"name\":\"Module - PRO Edition\",\"identification_code\":\"item_38534154089\",\"module\":\"PRO Edition:149\",\"visible_in\":[\"lg\",\"md\",\"sm\",\"xs\"],\"class\":\"\"}},\"14\":{\"id\":\"item_module---stay-connected\",\"type\":\"joomla-module\",\"label\":\"Module\",\"settings\":{\"name\":\"Module - Stay Connected\",\"identification_code\":\"item_1432303861956\",\"module\":\"Stay Connected:150\",\"visible_in\":[\"lg\",\"md\",\"sm\",\"xs\"],\"class\":\"\"}},\"15\":{\"id\":\"item_module---breadcrumbs\",\"type\":\"joomla-module\",\"label\":\"Module\",\"settings\":{\"name\":\"Module - Breadcrumbs\",\"identification_code\":\"item_393537219021\",\"module\":\"Breadcrumbs:100\",\"visible_in\":[\"lg\",\"md\",\"sm\",\"xs\"],\"class\":\"\"}},\"18\":{\"id\":\"item_module-position---left\",\"type\":\"module-position\",\"label\":\"Module Position\",\"settings\":{\"name\":\"Module Position - Left\",\"identification_code\":\"item_147588899792\",\"module-position\":\"left\",\"visible_in\":[\"lg\",\"md\",\"sm\",\"xs\"],\"class\":\"\"}},\"21\":{\"id\":\"item_module-position---user7\",\"type\":\"module-position\",\"label\":\"Module Position\",\"settings\":{\"name\":\"Module Position - User7\",\"identification_code\":\"item_1003631658812\",\"module-position\":\"user7\",\"visible_in\":[\"lg\",\"md\",\"sm\",\"xs\"],\"class\":\"\"}},\"22\":{\"id\":\"item_module-position---user6\",\"type\":\"module-position\",\"label\":\"Module Position\",\"settings\":{\"name\":\"Module Position - User6\",\"identification_code\":\"item_113335935628\",\"module-position\":\"user6\",\"visible_in\":[\"lg\",\"md\",\"sm\",\"xs\"],\"class\":\"\"}},\"23\":{\"id\":\"item_module-position---user5\",\"type\":\"module-position\",\"label\":\"Module Position\",\"settings\":{\"name\":\"Module Position - User5\",\"identification_code\":\"item_710871458604\",\"module-position\":\"user5\",\"visible_in\":[\"lg\",\"md\",\"sm\",\"xs\"],\"class\":\"\"}},\"24\":{\"id\":\"item_module-position---content-top\",\"type\":\"module-position\",\"settings\":{\"name\":\"Module Position - Content top\",\"identification_code\":\"item_1203496517600\",\"module-position\":\"content-top\",\"visible_in\":[\"lg\",\"md\",\"sm\",\"xs\"],\"class\":\"\"}},\"25\":{\"id\":\"item_demo-builder-button\",\"type\":\"joomla-module\",\"settings\":{\"name\":\"Demo Builder Button\",\"identification_code\":\"item_1157432654748\",\"module\":\"Demo Builder Button:198\",\"visible_in\":[\"lg\",\"md\",\"sm\",\"xs\"],\"class\":\"\"}},\"26\":{\"id\":\"item_top-menu\",\"type\":\"joomla-module\",\"settings\":{\"name\":\"Top Menu\",\"identification_code\":\"item_739512796151\",\"module\":\"Top Menu:77\",\"visible_in\":[\"lg\",\"md\",\"sm\",\"xs\"],\"class\":\"\"}}},\"views\":{\"main\":{\"sections\":[0,2,7,3,4,6,5]},\"top\":{\"rows\":[]},\"right\":{\"rows\":[]},\"bottom\":{\"rows\":[]},\"left\":{\"rows\":[]}},\"enable_responsive\":1,\"show_desktop_switcher\":\"1\",\"enable_boxed_layout\":\"1\",\"width_boxed_layout\":\"1170\",\"margin\":\"\",\"go_to_top\":\"1\",\"icon_go_to_top\":\"fa-ban\",\"text_go_to_top\":\"<i class=\\\"fa fa-chevron-up\\\"><\\\/i>Go to top\",\"screen\":\"lg\",\"editing\":\"section_5\"}","mega_menu_data":"{\"currentLang\":\"*\",\"currentMenu\":\"mainmenu\",\"currentRoot\":\"465\",\"selectedItem\":\"root\",\"generals\":[],\"options\":[],\"rows\":[{\"id\":\"row_row-1\",\"label\":\"Row #1\",\"settings\":{\"name\":\"Row #1\",\"margin\":\"\",\"padding\":\"\",\"class\":\"\"},\"columns\":[3,4,5]}],\"columns\":{\"1\":null,\"2\":null,\"3\":{\"id\":\"column_column-4\",\"label\":\"Column #4\",\"settings\":[],\"blocks\":[3],\"width\":4},\"4\":{\"id\":\"column_column-4\",\"settings\":{\"name\":\"Column #4\"},\"blocks\":[4],\"width\":4},\"5\":{\"id\":\"column_column-5\",\"settings\":{\"name\":\"Column #5\"},\"blocks\":[5],\"width\":4}},\"blocks\":{\"1\":null,\"2\":null,\"3\":{\"id\":\"block_block-4\",\"label\":\"Block #4\",\"settings\":[],\"items\":[3,2]},\"4\":{\"id\":\"block_block-4\",\"settings\":{\"name\":\"Block #4\"},\"items\":[0]},\"5\":{\"id\":\"block_block-5\",\"settings\":{\"name\":\"Block #5\"},\"items\":[4]}},\"items\":[{\"id\":\"item_item-1\",\"type\":\"joomla-module\",\"label\":\"Module\",\"settings\":{\"name\":\"Module - Color\",\"module\":\"Color Variations:311\",\"class\":\"\"}},null,{\"id\":\"item_item-3\",\"type\":\"joomla-module\",\"label\":\"Module\",\"settings\":{\"name\":\"Module - Design\",\"module\":\"Design:313\",\"class\":\"\"}},{\"id\":\"item_item-4\",\"type\":\"joomla-module\",\"label\":\"Module\",\"settings\":{\"name\":\"Module - Layout\",\"module\":\"Layout:309\",\"class\":\"\"}},{\"id\":\"item_item-4\",\"type\":\"joomla-module\",\"settings\":{\"name\":\"Menu Styles\",\"module\":\"Menu Styles:370\",\"class\":\"\"}}],\"megamenu\":{\"465\":{\"settings\":{\"full\":\"1\",\"width\":\"750\",\"align\":\"\",\"padding\":{\"top\":\"18\",\"bottom\":\"18\",\"left\":\"15\",\"right\":\"15\"},\"backgroundColor\":\"#fff\",\"backgroundImage\":\"\",\"backgroundImageSettings\":\"\",\"border\":\"\"},\"rows\":[0]}},\"settings\":[],\"lang\":\"*\",\"menu\":\"mainmenu\",\"root\":\"465\",\"editing\":\"\"}","appearance_data":"{\"appliedStyle\":\"sample\",\"currentGroup\":\"sections\",\"general\":{\"page-inner\":{\"inner-background-color\":\"\",\"inner-border\":\"\",\"inner-box-shadow\":\"\"},\"page\":{\"outer-background-color\":\"#fff\",\"outer-background-image\":\"images\\\/joomlashine\\\/sample\\\/bg-body.png\",\"outer-background-image-settings\":\"\"},\"content\":{\"text-color\":\"#333\",\"content-font-type\":\"google\",\"content-standard-font-family\":\"Arial, Helvetica, sans-serif\",\"content-google-font-family\":{\"family\":\"Lato:regular\"},\"font-weight\":\"\",\"font-size-base\":\"13\",\"line-height-base\":\"1.5\"},\"heading\":{\"headings-color\":\"#363636\",\"headings-font-type\":\"google\",\"headings-standard-font-family\":\"\",\"headings-google-font-family\":{\"family\":\"Lato:300,regular,700,900\",\"variant\":\"700\"},\"headings-font-weight\":\"\",\"headings-font-style\":\"\",\"headings-text-transform\":\"uppercase\",\"headings-text-shadow\":\"\",\"headings-base-size\":\"10\",\"headings-line-height\":1.4,\"headings-letter-spacing\":0,\"headings-custom-font-file\":\"\"},\"color\":{\"main-color\":\"#DD514A\",\"sub-color\":\"#e1665f\",\"inner-background-color\":\"\",\"inner-border\":\"\",\"inner-box-shadow\":\"\"},\"link\":{\"link-color\":\"#4d4d4d\",\"link-hover-color\":\"#DD514A\"},\"primary-button\":{\"btn-primary-bg\":\"#DD514A\",\"btn-primary-border-all\":{\"universal\":\"1\",\"width\":\"1\",\"style\":\"solid\",\"color\":\"#DD514A\",\"top-width\":\"\",\"top-style\":\"\",\"top-color\":\"\",\"right-width\":\"\",\"right-style\":\"\",\"right-color\":\"\",\"bottom-width\":\"\",\"bottom-style\":\"\",\"bottom-color\":\"\",\"left-width\":\"\",\"left-style\":\"\",\"left-color\":\"\"},\"btn-primary-box-shadow\":\"\",\"btn-primary-color\":\"#fff\",\"btn-primary-text-shadow\":\"\",\"btn-primary-bg-hover\":\"#9F2B2B\",\"btn-primary-border-hover\":\"#9F2B2B\",\"btn-primary-color-hover\":\"#fff\"},\"default-button\":{\"btn-default-padding\":{\"top\":\"12\",\"bottom\":\"12\",\"left\":\"20\",\"right\":\"20\"},\"btn-default-bg\":\"\",\"btn-default-border-all\":\"\",\"btn-default-radius\":{\"top-left\":\"0\",\"bottom-left\":\"0\",\"top-right\":\"0\",\"bottom-right\":\"0\"},\"btn-default-box-shadow\":\"\",\"btn-default-color\":\"\",\"btn-default-font-weight\":\"700\",\"btn-default-font-style\":\"\",\"btn-default-text-transform\":\"\",\"btn-default-text-shadow\":\"\",\"btn-default-base-size\":\"13\",\"btn-default-letter-spacing\":0,\"btn-default-bg-hover\":\"\",\"btn-default-border-hover\":\"\",\"btn-default-color-hover\":\"\"}},\"sections\":{\"section_slider\":{\"heading\":{\"custom\":\"1\",\"headings-color\":\"\",\"headings-text-transform\":\"capitalize\",\"headings-text-shadow\":\"\",\"headings-base-size\":\"10\",\"headings-line-height\":\"1\",\"headings-letter-spacing\":\"\"},\"content\":{\"custom\":null,\"color\":\"\",\"font-size-base\":\"\",\"line-height\":\"\"}},\"section_menu\":{\"container\":{\"background-color\":\"\",\"background-image\":\"\",\"background-image-settings\":\"\",\"border\":{\"universal\":\"0\",\"top-width\":\"0\",\"top-color\":\"\",\"bottom-width\":\"0\",\"bottom-style\":\"initial\",\"top-style\":\"initial\",\"bottom-color\":\"\",\"width\":\"\",\"style\":\"\",\"color\":\"\",\"right-width\":\"\",\"right-style\":\"\",\"right-color\":\"\",\"left-width\":\"\",\"left-style\":\"\",\"left-color\":\"\"}}},\"section_content-bottom\":{\"container\":{\"background-color\":\"\",\"background-image\":\"\",\"background-image-settings\":\"\",\"border\":\"\"}},\"section_copyright\":{\"container\":{\"background-color\":\"#DD514A\",\"background-image\":\"\",\"background-image-settings\":\"\",\"border\":{\"universal\":\"0\",\"width\":\"\",\"style\":\"\",\"color\":\"\",\"top-width\":\"1\",\"top-style\":\"solid\",\"top-color\":\"#e1665f\",\"right-width\":\"0\",\"right-style\":\"\",\"right-color\":\"\",\"bottom-width\":\"0\",\"bottom-style\":\"\",\"bottom-color\":\"\",\"left-width\":\"0\",\"left-style\":\"\",\"left-color\":\"\"}},\"heading\":{\"custom\":\"1\",\"headings-color\":\"#fff\",\"headings-text-transform\":\"\",\"headings-text-shadow\":\"\",\"headings-base-size\":\"\",\"headings-line-height\":\"\",\"headings-letter-spacing\":\"\"},\"content\":{\"custom\":\"1\",\"color\":\"#f6a4a2\",\"font-size-base\":\"12\",\"line-height\":\"\"}},\"section_compoment\":{\"heading\":{\"custom\":null,\"headings-color\":\"#363636\",\"headings-text-transform\":\"uppercase\",\"headings-text-shadow\":\"\",\"headings-base-size\":\"11\",\"headings-line-height\":\"1.4\",\"headings-letter-spacing\":\"\"},\"link\":{\"custom\":null,\"link-color\":\"\",\"link-color-hover\":\"\"},\"primary-button\":{\"custom\":null,\"btn-primary-bg\":\"\",\"btn-primary-border-all\":\"\",\"btn-primary-box-shadow\":\"\",\"btn-primary-color\":\"\",\"btn-primary-text-shadow\":\"\",\"btn-primary-bg-hover\":\"\",\"btn-primary-border-hover\":\"\",\"btn-primary-color-hover\":\"\"},\"container\":{\"background-color\":\"\",\"background-image\":\"\",\"background-image-settings\":\"\",\"border\":\"\"}},\"section_footer\":{\"container\":{\"background-color\":\"#DD514A\",\"background-image\":\"\",\"background-image-settings\":\"\",\"border\":{\"universal\":\"1\",\"top-width\":\"\",\"top-style\":\"initial\",\"top-color\":\"\",\"bottom-width\":\"0\",\"bottom-color\":\"\",\"bottom-style\":\"initial\",\"width\":\"\",\"style\":\"\",\"color\":\"\",\"right-width\":\"\",\"right-style\":\"\",\"right-color\":\"\",\"left-width\":\"\",\"left-style\":\"\",\"left-color\":\"\"}},\"heading\":{\"custom\":\"1\",\"headings-color\":\"#fff\",\"headings-text-transform\":\"uppercase\",\"headings-text-shadow\":\"\",\"headings-base-size\":\"\",\"headings-line-height\":\"\",\"headings-letter-spacing\":\"\"},\"content\":{\"custom\":\"1\",\"color\":\"#f6a4a2\",\"font-size-base\":\"12\",\"line-height\":\"\"},\"link\":{\"custom\":\"1\",\"link-color\":\"#fff\",\"link-color-hover\":\"\"}},\"section_header\":{\"container\":{\"background-color\":\"\",\"background-image\":\"\",\"background-image-settings\":\"\",\"border\":\"\"},\"heading\":{\"custom\":null,\"headings-color\":\"\",\"headings-text-transform\":\"\",\"headings-text-shadow\":\"\",\"headings-base-size\":\"\",\"headings-line-height\":\"\",\"headings-letter-spacing\":\"\"}},\"section_content-top\":{\"container\":{\"background-color\":\"\",\"background-image\":\"\",\"background-image-settings\":\"\",\"border\":\"\"}}},\"module\":{\"module-style-2\":{\"title\":{\"bg-color\":\"#DD514A\",\"text-color\":\"#fff\",\"text-transform\":\"uppercase\",\"font-size\":\"18\",\"text-icon-size\":\"\",\"text-icon-color\":\"#fff\"},\"container\":{\"padding\":\"\",\"background-color\":\"#333\",\"background-image\":\"\",\"background-image-settings\":\"\",\"border\":\"\"},\"content\":{\"color\":\"#fff\",\"font-size\":\"\"}},\"module-style-3\":{\"title\":{\"bg-color\":\"#fff\",\"text-color\":\"#333\",\"text-transform\":\"uppercase\",\"font-size\":\"18\",\"text-icon-size\":\"\",\"text-icon-color\":\"#333\"}},\"module-style-1\":{\"content\":{\"color\":\"#333333\",\"font-size\":\"\"},\"container\":{\"padding\":\"\",\"background-color\":\"#e8e8e8\",\"background-image\":\"\",\"background-image-settings\":\"\",\"border\":\"\"},\"title\":{\"bg-color\":\"#333333\",\"text-color\":\"#fff\",\"text-transform\":\"uppercase\",\"font-size\":\"18\",\"text-icon-size\":\"\",\"text-icon-color\":\"#fff\"}},\"module-style-4\":{\"title\":{\"bg-color\":\"\",\"text-color\":\"\",\"text-transform\":\"uppercase\",\"font-size\":\"18\",\"text-icon-size\":\"\",\"text-icon-color\":\"\"}}},\"menu\":{\"item_menu\":{\"root\":{\"font-size\":\"13\",\"text-transform\":\"uppercase\",\"background-color\":\"#fff\",\"color\":\"#333\",\"background-color-hover\":\"#DD514A\",\"link-color-hover\":\"#fff\"},\"dropdown\":{\"font-size\":\"13\",\"text-transform\":\"\",\"background-color\":\"#fff\",\"color\":\"#333\",\"background-color-hover\":\"#fff\",\"link-color-hover\":\"#DD514A\",\"width-dropdown\":200}},\"item_menu---top-menu\":{\"root\":{\"font-size\":14,\"text-transform\":\"\",\"background-color\":\"\",\"color\":\"#333\",\"background-color-hover\":\"\",\"link-color-hover\":\"\"}}},\"group\":\"general\",\"editing\":\"color\"}","system_data":"","cookie_law_data":""}